"amount","status","block_timestamp","block","wallet_from","wallet_to","hash_tx","confirmed","contract_type","contractType","revert","contract_ret","event_type","issue_address","decimals","exchange_from","exchange_to","is_sent_to_exchange","direction","updated_at","wallet_from_id","wallet_to_id"
"27287574992","-5","1658623572000","42682123","TL2_97KeDMFPhch9GtHwkuuXbIuKxWd8Fb","TL3_8I1foqYajoqc28ak9vRQZwL93xMVzl","35f1419b14151830d8c7cea311b4bc8c2108c03e7a871955f5512bf6a16268b2","1","TriggerSmartContract","31","0","SUCCESS","Transfer","xyz","6","","","0","1","","355","868"
"9195726430","-5","1658623672000","42682124","TL4_aJXjeDQQuTDs3GwLmPpb1yBgLDfngo","TL5_XdxW2Cq3uRHNRyISlA97L0IaIOv8To","40e604f47727315a3be87a88e285e2609f272571efcf79d86d464a507310d50b","1","TriggerSmartContract","31","0","SUCCESS","Transfer","xyz","6","","","0","1","","182","674"
"19061707847","-5","1658623772000","42682125","TL0_rnp87INqOT9hESBPknZ8xm0pZOvOPX","TL1_FZmAxOTkGq0M3ZRf9yIxwTOhr09xnb","f907ae6c563410b4c927cb1a01ca72c6e9e6f40d0f6e2642da99790050be7e20","1","TriggerSmartContract","31","0","SUCCESS","Transfer","xyz","6","","","0","1","","261","588"
"16527224288","-5","1658623872000","42682126","TL4_kxsyrx8U8tKiuECnHQBglQw200pLGW","TL5_RuTdm7ZGJjsjLaI5Hek98230GeJ33I","1430097b1131276385d2095151a44059c7b8dc67b8bb8ff37eb6627bad445350","1","TriggerSmartContract","31","0","SUCCESS","Transfer","xyz","6","","","0","1","","323","988"
"31036833231","-5","1658623972000","42682127","TL1_VfD4h8bUyXdrstR4btiWZPhpGgg4k6","TL2_6yCq6qFzdBg7XAcc2MTZay6tgrFZpE","79032527dbcecbf4cf9bfc26831cf174edc8a327cdcc1a6248ea25f5b07ecb44","1","TriggerSmartContract","31","0","SUCCESS","Transfer","xyz","6","","","0","1","","39","841"
"32758152862","-5","1658624072000","42682128","TL0_k6Z1kmnMZcOpr1Xp59BGbnYn8u80cE","TL1_zrAJlSW3BxWbhzUQBvbE1HVUHxiOYm","7e5983b9160af3041d5867c1e99fcf51c111c7fd9d38962cd1ede0634c2a03b0","1","TriggerSmartContract","31","0","SUCCESS","Transfer","xyz","6","","","0","1","","79","534"
"16235385481","-5","1658624172000","42682949","TL4_aJXjeDQQuTDs3GwLmPpb1yBgLDfngo","TL5_cjFA5wnEyo91hDmf5PiHCNZ7yKGpS6","b5722996a5570665beffd2167ff325ee0573e3d05b6486c9074d9432ef540a95","1","TriggerSmartContract","31","0","SUCCESS","Transfer","xyz","6","","","0","1","","143","822"
"46569655214","-5","1658624272000","42682950","TL2_97KeDMFPhch9GtHwkuuXbIuKxWd8Fb","TL3_rn5fyj5a3PDPOXVlOqzSUtYLhMlYiZ","c43cfb721ee910a2f30fb4e4b164ad5fbaaf46d3ed3c2c37625566ac9ecdca4d","1","TriggerSmartContract","31","0","SUCCESS","Transfer","xyz","6","","","0","1","","340","802"
"49326531328","-5","1658624372000","42682951","TL2_KiQjOWGPigo5c5e6Wm6aJTHt4GaI7t","TL3_BzwXtvwR2HDoI9lp0SXLZJy66Pk545","d55eea4c7edc40de5a2dae9d91b7d51f54b364f7933a3c2973dfe350cfe37c01","1","TriggerSmartContract","31","0","SUCCESS","Transfer","xyz","6","","","0","1","","156","529"
"5842477469","-5","1658624472000","42682952","TL1_sA88V1iQXNZN9Q1W9J1BK3xTnoXSP8","TL2_97KeDMFPhch9GtHwkuuXbIuKxWd8Fb","ce190861ec3279d89868f19ffe43e45cef053b8c8fec37b31e750c629284d036","1","TriggerSmartContract","31","0","SUCCESS","Transfer","xyz","6","","","0","1","","289","616"
"34351156769","-5","1658624572000","42682953","TL0_VR733hBdsRSMzHPGHzIcE2Jj1E6gLM","TL1_zrAJlSW3BxWbhzUQBvbE1HVUHxiOYm","4ab7f11b8ddaa0ed1d9c4ea2d266fccaf122093ef8f3546e7c3242fc82003fa5","1","TriggerSmartContract","31","0","SUCCESS","Transfer","xyz","6","","","0","1","","9","975"
"42238716891","-5","1658624672000","42682954","TL4_AbKZGsHLjzj7ZoG6g7xWjXxw3eYJFs","TL5_UJ2sC8FTzjCugnJhgptTbF0E9lx77s","4fba2df8b8a8833f5ea568ac91e7e106d942f0d73b0c9bf23fdbbd1988fbe51d","1","TriggerSmartContract","31","0","SUCCESS","Transfer","xyz","6","","","0","1","","447","842"
"11671345784","-5","1658624772000","42682955","TL0_v7iMG98dBARNHX3ADfdqjJrA07Bb7g","TL1_rlnBSbJ8cG6quaCf6T1W0gdNfL1FSk","d414071f6b3fe6a0edcd9a128a7b32c89eec87addd047238ea2a06f5223cc376","1","TriggerSmartContract","31","0","SUCCESS","Transfer","xyz","6","","","0","1","","214","951"
"20043960047","-5","1658624872000","42682956","TL2_WX5eVqRKEd4D8qJcHyRH0xTZ1IeGtd","TL3_l3b2LqtcekDHFGtxtyWUDELPvxCuW2","4ded53173834ca6743812cd219ec7f084536cf9d6b105ab6c822a28bdb70bb83","1","TriggerSmartContract","31","0","SUCCESS","Transfer","xyz","6","","","0","1","","353","611"
"12691703784","-5","1658624972000","42682957","TL2_DiVcIW3ACfZXJp7lWfUwl42MrSQK7M","TL3_xhpf4FokZfCokzanP1ozDGWJTAkl6o","59368b7eb0b6c2b0ee35a894e89e6af99a9fe02d29532f080ede68f27b445206","1","TriggerSmartContract","31","0","SUCCESS","Transfer","xyz","6","","","0","1","","457","623"
"40887112273","-5","1658625072000","42682958","TL3_nW40NdboHbBmNL2ffVgjSeAcozeOY5","TL4_AbAsVCu8KJI1AYOPk1n35E6YSlyFiW","b089992afd4e8e29df4a4ae10dccf93c4c411a3e1b90a0a7413772cf75cdb535","1","TriggerSmartContract","31","0","SUCCESS","Transfer","xyz","6","","","0","1","","123","737"
"27523185513","-5","1658625172000","42682959","TL1_FZmAxOTkGq0M3ZRf9yIxwTOhr09xnb","TL2_6954LHjM4oYDXJuKKdw5VeTXKjqT6p","921e95276790abb2359f69a9d631720426a006170193d4a28e2bee6419ba3b4c","1","TriggerSmartContract","31","0","SUCCESS","Transfer","xyz","6","","","0","1","","308","790"
"17955567670","-5","1658625272000","42682960","TL2_plRFT77Ak9CZ13W0MEZKXV30XhwKAi","TL3_BzwXtvwR2HDoI9lp0SXLZJy66Pk545","bc5b6096a41b0f8104a35afa137032e82bab13c9c07c674eb932de0c3957680f","1","TriggerSmartContract","31","0","SUCCESS","Transfer","xyz","6","","","0","1","","374","570"
"21200660061","-5","1658625372000","42682961","TL3_AcZ19Ox3Omq0t5JGwbJkHXryrvFBCJ","TL4_AbAsVCu8KJI1AYOPk1n35E6YSlyFiW","0311b6383891e2c8a2827f37ac2de8077eef277d51f00d2667634805d43c04f3","1","TriggerSmartContract","31","0","SUCCESS","Transfer","xyz","6","","","0","1","","485","901"
"18985570996","-5","1658625472000","42682962","TL2_plRFT77Ak9CZ13W0MEZKXV30XhwKAi","TL3_N4P1hg1wJFIx3qGNEHcblKEx7CjznF","abc29683ddebdd6c67340c5c6f1027e3d03fe62f4e4a41556b6c72055a550a72","1","TriggerSmartContract","31","0","SUCCESS","Transfer","xyz","6","","","0","1","","422","797"
"18058715486","-5","1658625572000","42682963","TL1_5FuqPHn4fJVcIzFEZNvDvRfZ3Tl9iD","TL2_plRFT77Ak9CZ13W0MEZKXV30XhwKAi","169b776c9f86b2e26660316f6dba4e11a05344172b07328e51bba1c5f83c373f","1","TriggerSmartContract","31","0","SUCCESS","Transfer","xyz","6","","","0","1","","408","748"
"10352564427","-5","1658625672000","42682964","TL3_GyQQ8usssxG3ax3iGWhKwp04TONSac","TL4_Mu6wKFxdp7dqlFAE8GkX8Hqv0VMWHT","c21e2cfdb73fce422c415d8dcaa2f8a0a03257f2c7adeb01851e6519d0716d66","1","TriggerSmartContract","31","0","SUCCESS","Transfer","xyz","6","","","0","1","","367","794"
"33990629296","-5","1658625772000","42682965","TL2_KiQjOWGPigo5c5e6Wm6aJTHt4GaI7t","TL3_GyQQ8usssxG3ax3iGWhKwp04TONSac","4dc976fb37c9b80cab7b512e9ade20cdfe3da82ba15db2971ca319c688d87203","1","TriggerSmartContract","31","0","SUCCESS","Transfer","xyz","6","","","0","1","","350","609"
"11816720104","-5","1658625872000","42682966","TL2_BDMIpWCWhuISMUbPFZJ1tJ5FjXAMGT","TL3_GyQQ8usssxG3ax3iGWhKwp04TONSac","0e1581c115b770927e06c9d6cdf152179e11e5e9a885f19473f3ac9e73701883","1","TriggerSmartContract","31","0","SUCCESS","Transfer","xyz","6","","","0","1","","72","905"
"39511512928","-5","1658625972000","42682967","TL3_AcZ19Ox3Omq0t5JGwbJkHXryrvFBCJ","TL4_gHmECSZgADu6c4XUkYjwcYXXUi6hdE","606bae77e82694a4eedab5aa2c70705bdef0ee9b45ff527df2cc1aad125f8625","1","TriggerSmartContract","31","0","SUCCESS","Transfer","xyz","6","","","0","1","","462","952"
"5790702284","-5","1658626072000","42682968","TL1_xMH0GYoyXNLNLRhlLtwSUtl9x8PHUh","TL2_KiQjOWGPigo5c5e6Wm6aJTHt4GaI7t","5043db4ce0f2a833f6993a4f942406fa5f7f22aa1cd0285d6bbb44420af97e49","1","TriggerSmartContract","31","0","SUCCESS","Transfer","xyz","6","","","0","1","","406","903"
"40810974986","-5","1658626172000","42682969","TL3_vOzxmxLWFqbCrASvyroNY8ihaRFA1y","TL4_gHmECSZgADu6c4XUkYjwcYXXUi6hdE","aad433aa792ba9f3567b35f151ce4b6b826a5a56271aaa8fafbbdbfb7412dceb","1","TriggerSmartContract","31","0","SUCCESS","Transfer","xyz","6","","","0","1","","263","668"
"33810825190","-5","1658626272000","42682970","TL0_aI6pJI78svuMVUfes31mQd7HwUNOKA","TL1_179hEwOYz45YPSoXjjHlSzxZ17tsih","38afb3db8e61352a4361c3e6a350a103b047e9fa7c157cb70f142f675e6a15fa","1","TriggerSmartContract","31","0","SUCCESS","Transfer","xyz","6","","","0","1","","127","826"
"23234006372","-5","1658626372000","42682971","TL1_5FuqPHn4fJVcIzFEZNvDvRfZ3Tl9iD","TL2_WX5eVqRKEd4D8qJcHyRH0xTZ1IeGtd","2044ee126338e9fd519ebe21f3796f884be56759114d3641a3ea53f2df37a258","1","TriggerSmartContract","31","0","SUCCESS","Transfer","xyz","6","","","0","1","","102","838"
"46302874381","-5","1658626472000","42682972","TL1_1KB6onzAO1EjCyHvtr6mY1xlgsC9QJ","TL2_Bv09ezcTdU6daGBiMXPD53dmS1Jh66","d84f5c09d7c87a7a9ac64ade4c5e896d88d4a3134104bcce282ff6a4f38d5e70","1","TriggerSmartContract","31","0","SUCCESS","Transfer","xyz","6","","","0","1","","32","638"
"24175881383","-5","1658626572000","42682973","TL2_6yCq6qFzdBg7XAcc2MTZay6tgrFZpE","TL3_n5om1HDQO987aiKMH0LSRKULZfFWe9","75d68939adff8ab8b4020506a1cfbfb422161cdfeaa52d1fa4b47f81ce0cbf92","1","TriggerSmartContract","31","0","SUCCESS","Transfer","xyz","6","","","0","1","","110","584"
"27171528164","-5","1658626672000","42682974","TL3_BzwXtvwR2HDoI9lp0SXLZJy66Pk545","TL4_WIt2I7mJrXpuhXvbC6vL27aLq7Q4KE","0487eec645e670c1e7be1e6649365127a05c0bb357a08252922f0ef10cc71e13","1","TriggerSmartContract","31","0","SUCCESS","Transfer","xyz","6","","","0","1","","154","765"
"37818272157","-5","1658626772000","42682975","TL3_rn5fyj5a3PDPOXVlOqzSUtYLhMlYiZ","TL4_l5qADKVYMXHlIPHgLpxnNi0WCrqUle","b9f4a413130723a424b06c19b5ec6ab4dfabf8ed4733cb9df38f1da8b6e8de0c","1","TriggerSmartContract","31","0","SUCCESS","Transfer","xyz","6","","","0","1","","468","970"
"6531281395","-5","1658626872000","42682976","TL3_AcZ19Ox3Omq0t5JGwbJkHXryrvFBCJ","TL4_ZvCZIWtX1UzEjqsu4MQFKE400WQZvs","85405de86602f389550f348eb32f79b94011b64ff9a4a9bdd35aa409c5a09511","1","TriggerSmartContract","31","0","SUCCESS","Transfer","xyz","6","","","0","1","","127","866"
"37913512327","-5","1658626972000","42682977","TL0_NhuaT4tSKAC9rG1UI941POz9JwRoPG","TL1_latjpyDDXmOa54jmpMtGehNZ5g6zjx","88b4a4a957cf9f89dd68d9a4ea628c3b38d62501104eb8f9b6345475e0e7aab6","1","TriggerSmartContract","31","0","SUCCESS","Transfer","xyz","6","","","0","1","","232","560"
"37706744444","-5","1658627072000","42682978","TL2_ApeXZAQBP8SpUzUtIejSZTlRD5ZI6F","TL3_8I1foqYajoqc28ak9vRQZwL93xMVzl","def5071bf3a872d08d19356920226b0d9fde62f29ede255fe004efbcce068401","1","TriggerSmartContract","31","0","SUCCESS","Transfer","xyz","6","","","0","1","","417","553"
"1286697493","-5","1658627172000","42682979","TL2_DiVcIW3ACfZXJp7lWfUwl42MrSQK7M","TL3_rn5fyj5a3PDPOXVlOqzSUtYLhMlYiZ","2b0c7fd9108a7833bd73a15db69ec1e2a5514b7e554927f9510791d8e68551d3","1","TriggerSmartContract","31","0","SUCCESS","Transfer","xyz","6","","","0","1","","453","915"
"17946956924","-5","1658627272000","42682980","TL1_5FuqPHn4fJVcIzFEZNvDvRfZ3Tl9iD","TL2_Ky7EcI91QSBSXoTJIhCejQEieBOVZ4","9bad2c24b05799396aea04e913ffa6554d8e309e815d290b7e79b0ea49db771b","1","TriggerSmartContract","31","0","SUCCESS","Transfer","xyz","6","","","0","1","","478","790"
"19023287667","-5","1658627372000","42682981","TL3_rn5fyj5a3PDPOXVlOqzSUtYLhMlYiZ","TL4_AbKZGsHLjzj7ZoG6g7xWjXxw3eYJFs","0d755e34ee73ba57098dd6021211d66208a5416f83bab11d745192e6270d0aa8","1","TriggerSmartContract","31","0","SUCCESS","Transfer","xyz","6","","","0","1","","253","587"
"20134681021","-5","1658627472000","42682982","TL0_VR733hBdsRSMzHPGHzIcE2Jj1E6gLM","TL1_rlnBSbJ8cG6quaCf6T1W0gdNfL1FSk","6dbd3f22f2ff3fd5fede8025a9930880607d82b8f196f411ea004380753b844f","1","TriggerSmartContract","31","0","SUCCESS","Transfer","xyz","6","","","0","1","","30","640"
"19998123839","-5","1658627572000","42682983","TL1_x3NfJwA4riffmafYWeuixveABSDwmd","TL2_6954LHjM4oYDXJuKKdw5VeTXKjqT6p","2a40f3f1ee211a981e3330c11cc344ed78004c0b9cc7609a58589697fa0d9962","1","TriggerSmartContract","31","0","SUCCESS","Transfer","xyz","6","","","0","1","","116","795"
"34860451005","-5","1658627672000","42682984","TL0_iMF3oRaX5T6BX0f06IgJ5JpdQfkDxf","TL1_FZmAxOTkGq0M3ZRf9yIxwTOhr09xnb","c1cfdfc5cbd6216230f8cf93a8cd0fffdf37845986dfe30cded9b238cf1648fc","1","TriggerSmartContract","31","0","SUCCESS","Transfer","xyz","6","","","0","1","","382","545"
"27410530117","-5","1658627772000","42682985","TL4_XwmQehWrkHLszju0R4VQFoqJq8to8t","TL5_hiIp6n8QyrqpEziFXFKcn6GL0koxPp","e945957b56f9f5e4534daa6784815c4db4e39acfa8b306c2aaeb32155a346a44","1","TriggerSmartContract","31","0","SUCCESS","Transfer","xyz","6","","","0","1","","260","710"
"44699803432","-5","1658627872000","42682986","TL3_n5om1HDQO987aiKMH0LSRKULZfFWe9","TL4_uN3W0hFXmfEaybXpjHesbNSi5xJZSp","5dd5f4600d337334672094ca9f62de51fde1fc8450ea3fe3509ecf8a9356f05d","1","TriggerSmartContract","31","0","SUCCESS","Transfer","xyz","6","","","0","1","","430","574"
"4666342677","-5","1658627972000","42682987","TL2_XSKacf7btQsHrkxCHMSYue7IVCSiIw","TL3_SzTnP2oj6C3s3IPmKr6GhrSTxoqBMW","4f80fd9c21f9fc00e634a612f1445890ac5ac05477b80796e2b6eb632dd495e8","1","TriggerSmartContract","31","0","SUCCESS","Transfer","xyz","6","","","0","1","","100","602"
"44928936825","-5","1658628072000","42682988","TL2_Bv09ezcTdU6daGBiMXPD53dmS1Jh66","TL3_l3b2LqtcekDHFGtxtyWUDELPvxCuW2","43368d0bcda3a54fe9c3f15b75acfd03345a016bbfd0d3c44f118333c0e72796","1","TriggerSmartContract","31","0","SUCCESS","Transfer","xyz","6","","","0","1","","165","733"
"6838481688","-5","1658628172000","42682989","TL3_BzwXtvwR2HDoI9lp0SXLZJy66Pk545","TL4_XcHUYt5TEH6ZuUneVzWQXHg5jmPuvp","d5a3f9ab9d277a09e55be09b9c1e533a4f6e0249587e9d43dd70ceeb02901c4e","1","TriggerSmartContract","31","0","SUCCESS","Transfer","xyz","6","","","0","1","","302","981"
"12600778466","-5","1658628272000","42682990","TL3_xhpf4FokZfCokzanP1ozDGWJTAkl6o","TL4_iLNljSLqHDrvy2OJXZ1aAKh1opzbni","bcdf77165afd6ae3a2a028d5186c17da8bdd224bd2eb04877054117f962d6b9f","1","TriggerSmartContract","31","0","SUCCESS","Transfer","xyz","6","","","0","1","","197","697"
"11850104032","-5","1658628372000","42682991","TL3_RXQ9RH0C9jgW9mObYejFu3yGD3qHhe","TL4_AbKZGsHLjzj7ZoG6g7xWjXxw3eYJFs","38e0077016adeb3cd64c9f2d33bca36a4aeda5a546d50e7c46118ce8dcf3d09d","1","TriggerSmartContract","31","0","SUCCESS","Transfer","xyz","6","","","0","1","","244","539"
"29167867586","-5","1658628472000","42682992","TL0_aI6pJI78svuMVUfes31mQd7HwUNOKA","TL1_cAhrd4mck9SZCfEmUr3Y3ZmPLbs4J1","7c34d9292c9c124d5088e3244d6416da21ec708e2cc6e44b8f4851a36b51dc4a","1","TriggerSmartContract","31","0","SUCCESS","Transfer","xyz","6","","","0","1","","445","506"
"34186729757","-5","1658628572000","42682993","TL1_EsrtUnJPucMUH59GU0GC2EBp22DbF8","TL2_ApeXZAQBP8SpUzUtIejSZTlRD5ZI6F","a700de85fffc398338a42c372792666a198d063d838f5f6aba7fc053ffcc93f6","1","TriggerSmartContract","31","0","SUCCESS","Transfer","xyz","6","","","0","1","","271","741"
"5951606501","-5","1658628672000","42682994","TL1_cAhrd4mck9SZCfEmUr3Y3ZmPLbs4J1","TL2_KiQjOWGPigo5c5e6Wm6aJTHt4GaI7t","f5ff179d3d9f6abcffd1886df75b6d6e34b275e0a4a81f16a0864c855188aa10","1","TriggerSmartContract","31","0","SUCCESS","Transfer","xyz","6","","","0","1","","89","524"
"30043719528","-5","1658628772000","42682995","TL4_ZvCZIWtX1UzEjqsu4MQFKE400WQZvs","TL5_9zKXbgWQKbnK3yiKla0DWkHesBKNiU","3711f9da6accbd3fb732202f16ee2a30f8b8cc4b7b1bb9e18922109c16f66c1e","1","TriggerSmartContract","31","0","SUCCESS","Transfer","xyz","6","","","0","1","","140","826"
"34228401381","-5","1658628872000","42682996","TL1_HCaeQkJOxQoCyhNFRdkhHLxbZGbnfl","TL2_Ky7EcI91QSBSXoTJIhCejQEieBOVZ4","fa62430490d7471ee9d66713cb81d959b24cc6cffa650ba06d8e0ccd3e5fa733","1","TriggerSmartContract","31","0","SUCCESS","Transfer","xyz","6","","","0","1","","312","802"
"4673285852","-5","1658628972000","42682997","TL1_xMH0GYoyXNLNLRhlLtwSUtl9x8PHUh","TL2_JrpCVnYdEEm3pLDvBImppMEQWC47Xc","2bcd03f7a783a406b255d5ea12601fa5114cfdec1f7f96fcb4689c5280f592e4","1","TriggerSmartContract","31","0","SUCCESS","Transfer","xyz","6","","","0","1","","225","781"
"3042698604","-5","1658629072000","42682998","TL2_97KeDMFPhch9GtHwkuuXbIuKxWd8Fb","TL3_n5om1HDQO987aiKMH0LSRKULZfFWe9","48f0ecafab6497ee75aa5ca59312f56a8dc625f08bbee8a86565b0b6f3e2a4dd","1","TriggerSmartContract","31","0","SUCCESS","Transfer","xyz","6","","","0","1","","223","645"
"40684502170","-5","1658629172000","42682999","TL4_3UeDLBRPnDqKI6DQ1yu7yNA1MTACdh","TL5_j6uZTzEKajmJGRj7WIjOvoGronOfd5","173545bccedeb2a6dd42bcf31dde2eff94f761c51fb6e3353e38db021aacaf96","1","TriggerSmartContract","31","0","SUCCESS","Transfer","xyz","6","","","0","1","","131","980"
"31790426229","-5","1658629272000","42683000","TL2_6954LHjM4oYDXJuKKdw5VeTXKjqT6p","TL3_ojraCqvyswEfxVcwEmhoqU1de4eGDo","6855ea4123bb7d1747d4d2f093cd68fc8e80cf46cb1575d2eade227bd6e4037d","1","TriggerSmartContract","31","0","SUCCESS","Transfer","xyz","6","","","0","1","","156","609"
"6238907067","-5","1658629372000","42683001","TL3_4TTZRMskZR8mYUkAItGx0pRwsqFwzp","TL4_aJXjeDQQuTDs3GwLmPpb1yBgLDfngo","62a39080d453a52e6af00bdf19b8bc4717f08bbeaf78223134309e0ed71faff7","1","TriggerSmartContract","31","0","SUCCESS","Transfer","xyz","6","","","0","1","","433","523"
"14540654822","-5","1658629472000","42683002","TL2_WX5eVqRKEd4D8qJcHyRH0xTZ1IeGtd","TL3_rn5fyj5a3PDPOXVlOqzSUtYLhMlYiZ","27efc797abbebaf0478539b3d7271fe8ae6116acffe0cc4fded2bc57f5214f7b","1","TriggerSmartContract","31","0","SUCCESS","Transfer","xyz","6","","","0","1","","9","596"
"47937845644","-5","1658629572000","42683003","TL2_WX5eVqRKEd4D8qJcHyRH0xTZ1IeGtd","TL3_l3b2LqtcekDHFGtxtyWUDELPvxCuW2","7882316538a45abe398a121921c08eb55758669b83bb250fd670b93f9afb3c42","1","TriggerSmartContract","31","0","SUCCESS","Transfer","xyz","6","","","0","1","","49","955"
"34794096046","-5","1658629672000","42683004","TL2_JrpCVnYdEEm3pLDvBImppMEQWC47Xc","TL3_ojraCqvyswEfxVcwEmhoqU1de4eGDo","d37e0e776782dcc05ff5c88cdfcfd8cec66680465948ce23c9a5b4107cb26f3e","1","TriggerSmartContract","31","0","SUCCESS","Transfer","xyz","6","","","0","1","","440","756"
"17757227839","-5","1658629772000","42683005","TL3_2bvvSH8LdoxIAiNQXunFDMsMU8dvUl","TL4_CnUx2xZlk28Eo4TvJykVjvzKrfgVmO","4268a614a2ba31671683238510a714aeac6f39ff92e7c149a7197be2c55dc25f","1","TriggerSmartContract","31","0","SUCCESS","Transfer","xyz","6","","","0","1","","331","636"
"400330667","-5","1658629872000","42683006","TL2_GvJSCMjlXgOkTBjoxC5qVT5RpR6ckl","TL3_71uqKaxZQApGGLB4rQCMBK6ercZ41r","387816934865522026657b32d257c0ab3bdedf24e60e896b354b20dbeb78b35f","1","TriggerSmartContract","31","0","SUCCESS","Transfer","xyz","6","","","0","1","","349","953"
"38273290859","-5","1658629972000","42683007","TL0_kChf5Gga6bHWT6dQqfLEl707AgDurv","TL1_179hEwOYz45YPSoXjjHlSzxZ17tsih","3fb64e22b5a63e91686bb2a21132daed0615ab369c6ef34d58803334076c8bdd","1","TriggerSmartContract","31","0","SUCCESS","Transfer","xyz","6","","","0","1","","406","505"
"5246167205","-5","1658630072000","42683008","TL1_1KB6onzAO1EjCyHvtr6mY1xlgsC9QJ","TL2_JrpCVnYdEEm3pLDvBImppMEQWC47Xc","cc538df8552f365fbb5de172e78699fcbcc46ab4d6ef384ca9efa9f7dd4f4cb2","1","TriggerSmartContract","31","0","SUCCESS","Transfer","xyz","6","","","0","1","","299","852"
"35656517080","-5","1658630172000","42683009","TL1_latjpyDDXmOa54jmpMtGehNZ5g6zjx","TL2_JrpCVnYdEEm3pLDvBImppMEQWC47Xc","b553d304c2661ca48ad83ae777891c5806feb98268078968437a5d358f9dc65d","1","TriggerSmartContract","31","0","SUCCESS","Transfer","xyz","6","","","0","1","","113","536"
"5814425217","-5","1658630272000","42683010","TL2_97KeDMFPhch9GtHwkuuXbIuKxWd8Fb","TL3_kK4HWVrkVv7wyzEmRsFgsSeLY1KDYV","7396ec6fdfb0f933b547080d7de7981e9a8d656e15375c137af8d878483f839e","1","TriggerSmartContract","31","0","SUCCESS","Transfer","xyz","6","","","0","1","","342","959"
"28337625101","-5","1658630372000","42683011","TL2_gViXSgEX773nnQ3pYXlcBwJ4Xr27FJ","TL3_xhpf4FokZfCokzanP1ozDGWJTAkl6o","abc63070671896b7b4c9d49d84db73d9e75ee04ae28e235f1f4269c9d42f8a89","1","TriggerSmartContract","31","0","SUCCESS","Transfer","xyz","6","","","0","1","","190","550"
"43459663260","-5","1658630472000","42683012","TL0_m1HG4p1UO1vvToY5G5iAyLzXC5zmlx","TL1_HCaeQkJOxQoCyhNFRdkhHLxbZGbnfl","b050f843659fbac6158514cf0e1fcf7e35cfd78873badf0c79faf9222e1faa79","1","TriggerSmartContract","31","0","SUCCESS","Transfer","xyz","6","","","0","1","","186","598"
"47775504407","-5","1658630572000","42683013","TL1_USrap094dSP0A2fbpBRN979ck4X47Y","TL2_Ky7EcI91QSBSXoTJIhCejQEieBOVZ4","a7402b5e9b6fbc1a8e0842e41422556dc43fefc4b8eb8ad984a02a924ca53a13","1","TriggerSmartContract","31","0","SUCCESS","Transfer","xyz","6","","","0","1","","129","871"
"48205809573","-5","1658630672000","42683014","TL0_iMF3oRaX5T6BX0f06IgJ5JpdQfkDxf","TL1_6WrFZvSTfPkYlvIFhF6eyZVdxUSG4H","e7cd6c0bbb6e27a3b399c4201352ee1c99702c4490b8723f3e880d472ed0d32a","1","TriggerSmartContract","31","0","SUCCESS","Transfer","xyz","6","","","0","1","","496","646"
"28446744117","-5","1658630772000","42683015","TL1_rlnBSbJ8cG6quaCf6T1W0gdNfL1FSk","TL2_BDMIpWCWhuISMUbPFZJ1tJ5FjXAMGT","68ad05ed85a6e2c0362179fc78651e426b73665ca3ea263fd87703ca2c0b1a22","1","TriggerSmartContract","31","0","SUCCESS","Transfer","xyz","6","","","0","1","","484","506"
"47789102420","-5","1658630872000","42683016","TL3_2bvvSH8LdoxIAiNQXunFDMsMU8dvUl","TL4_kxsyrx8U8tKiuECnHQBglQw200pLGW","3946b3f236663be8314af7108ec7973018e70af5295926846662c6c922058c53","1","TriggerSmartContract","31","0","SUCCESS","Transfer","xyz","6","","","0","1","","164","973"
"43096984809","-5","1658630972000","42683017","TL4_tipNwop6pMZUXTaM8t9rRaxF1WKz7R","TL5_12DGOLPegW41V3liFY7slhUBbURNO9","8bc000419af177c5b04d93d5c990c48c652fb3d13f75ce97c42f9f10e4c0060c","1","TriggerSmartContract","31","0","SUCCESS","Transfer","xyz","6","","","0","1","","405","700"
"39481279910","-5","1658631072000","42683018","TL1_USrap094dSP0A2fbpBRN979ck4X47Y","TL2_ER9WRoc3sQjYEo65y8a7fOmj5QwIDV","95e935b918902af1659ab21826e7be1d0c0aef7a59e4dfe042f0536a7f2b263f","1","TriggerSmartContract","31","0","SUCCESS","Transfer","xyz","6","","","0","1","","164","744"
"17657767395","-5","1658631172000","42683019","TL3_ojraCqvyswEfxVcwEmhoqU1de4eGDo","TL4_AbAsVCu8KJI1AYOPk1n35E6YSlyFiW","014fd9274dd995f03aa26159f36721dedbbe347d3deeb4009c2070fbc5e5466f","1","TriggerSmartContract","31","0","SUCCESS","Transfer","xyz","6","","","0","1","","222","891"
"21887044773","-5","1658631272000","42683020","TL0_AUkX7hXbf5sU6URS2kOBxOEJBnFpd9","TL1_6neunA32FmCeHYF3oTP5nBoi3nvEfm","027795076cdc3223a5b14a37e7be91065ad1c400733bac77739e35be1b498525","1","TriggerSmartContract","31","0","SUCCESS","Transfer","xyz","6","","","0","1","","340","696"
"44804981374","-5","1658631372000","42683021","TL4_XwmQehWrkHLszju0R4VQFoqJq8to8t","TL5_09ATntxXgLI5BseChRpOXMy9Rrtyop","6507dfe735fec2ee04866e2b3e31b2017259e5898ea25135c2cc9d6b0145d7a3","1","TriggerSmartContract","31","0","SUCCESS","Transfer","xyz","6","","","0","1","","262","601"
"4148653411","-5","1658631472000","42683022","TL0_VR733hBdsRSMzHPGHzIcE2Jj1E6gLM","TL1_6neunA32FmCeHYF3oTP5nBoi3nvEfm","0b6991b5d3010f197343ed6cc045e516212f402d732b0723ae4a91d6f3598c28","1","TriggerSmartContract","31","0","SUCCESS","Transfer","xyz","6","","","0","1","","448","801"
"11123072305","-5","1658631572000","42683023","TL3_8I1foqYajoqc28ak9vRQZwL93xMVzl","TL4_iLNljSLqHDrvy2OJXZ1aAKh1opzbni","7327a2ef373f96f4bd08f421d58e461add5ad01d3dace445cf1560a680d84873","1","TriggerSmartContract","31","0","SUCCESS","Transfer","xyz","6","","","0","1","","64","797"
"30750051037","-5","1658631672000","42683024","TL1_VfD4h8bUyXdrstR4btiWZPhpGgg4k6","TL2_plRFT77Ak9CZ13W0MEZKXV30XhwKAi","96bb8d186abae36f058c30c9390f98565c99d46120c702ede24fa2fef960fae9","1","TriggerSmartContract","31","0","SUCCESS","Transfer","xyz","6","","","0","1","","324","692"
"5649545810","-5","1658631772000","42683025","TL3_l3b2LqtcekDHFGtxtyWUDELPvxCuW2","TL4_Mu6wKFxdp7dqlFAE8GkX8Hqv0VMWHT","2c624730d4d5bfdccd80dd9ee4fe5eb8efbb9e3bf3e801e3ef056c39e01ea716","1","TriggerSmartContract","31","0","SUCCESS","Transfer","xyz","6","","","0","1","","89","669"
"14967845480","-5","1658631872000","42683026","TL0_k6Z1kmnMZcOpr1Xp59BGbnYn8u80cE","TL1_zrAJlSW3BxWbhzUQBvbE1HVUHxiOYm","45e5935143304798987ad684ebb8a32bd891c663f93e1237d64bb13eac8c1534","1","TriggerSmartContract","31","0","SUCCESS","Transfer","xyz","6","","","0","1","","220","606"
"49924851505","-5","1658631972000","42683027","TL2_JrpCVnYdEEm3pLDvBImppMEQWC47Xc","TL3_SzTnP2oj6C3s3IPmKr6GhrSTxoqBMW","1f49448b54e47c4edd0a449e778ad7ecb9931267f913bddd7ae5fc24c6c448ce","1","TriggerSmartContract","31","0","SUCCESS","Transfer","xyz","6","","","0","1","","394","842"
"28385452805","-5","1658632072000","42683028","TL3_4TTZRMskZR8mYUkAItGx0pRwsqFwzp","TL4_uN3W0hFXmfEaybXpjHesbNSi5xJZSp","1b2bdccf274b1d91a6000ca0bb2122c29eca92e9a299b5447d9ae79156d7118a","1","TriggerSmartContract","31","0","SUCCESS","Transfer","xyz","6","","","0","1","","307","702"
"5105922777","-5","1658632172000","42683029","TL4_Mu6wKFxdp7dqlFAE8GkX8Hqv0VMWHT","TL5_cjFA5wnEyo91hDmf5PiHCNZ7yKGpS6","8a76ec8ad0745a2a7c9e894c4000481733bda22d69f0e24a876767bd33049685","1","TriggerSmartContract","31","0","SUCCESS","Transfer","xyz","6","","","0","1","","57","712"
"49785659322","-5","1658632272000","42683030","TL4_XwmQehWrkHLszju0R4VQFoqJq8to8t","TL5_0Zn56WfWJfUZ2RygiygT2kNOz0RwLz","0b2352ee0f8456c67d39ebd83d98da6c321bd3a2c2f668056de9e623cc92c088","1","TriggerSmartContract","31","0","SUCCESS","Transfer","xyz","6","","","0","1","","418","940"
"14691290658","-5","1658632372000","42683031","TL1_6neunA32FmCeHYF3oTP5nBoi3nvEfm","TL2_ApeXZAQBP8SpUzUtIejSZTlRD5ZI6F","d4a158c1d96917a08834bbf9e85939cee3df600850612e6d2fc600bf1bb95dce","1","TriggerSmartContract","31","0","SUCCESS","Transfer","xyz","6","","","0","1","","173","741"
"31859394366","-5","1658632472000","42683032","TL0_dNNxGENHilYNxaLDX1ZGAOdpsX6mBl","TL1_sA88V1iQXNZN9Q1W9J1BK3xTnoXSP8","127e4f4421b6ee8d8a11194b3e5783052e18b17d588cc6c7bd057552264d1869","1","TriggerSmartContract","31","0","SUCCESS","Transfer","xyz","6","","","0","1","","309","605"
"10820426417","-5","1658632572000","42683033","TL2_KiQjOWGPigo5c5e6Wm6aJTHt4GaI7t","TL3_4TTZRMskZR8mYUkAItGx0pRwsqFwzp","7a01878f94f1031058f0116355b77744b01013e1eab664809f46abcf2cbd75a8","1","TriggerSmartContract","31","0","SUCCESS","Transfer","xyz","6","","","0","1","","424","738"
"13869946341","-5","1658632672000","42683034","TL4_aJXjeDQQuTDs3GwLmPpb1yBgLDfngo","TL5_EAqXtPd5gWMyYyLJF51AmjRNxU6PzM","18508247224b024273f424101abfb427717c360a6214b367ea93c0eee7674d72","1","TriggerSmartContract","31","0","SUCCESS","Transfer","xyz","6","","","0","1","","73","505"
"45619163986","-5","1658632772000","42683035","TL1_cAhrd4mck9SZCfEmUr3Y3ZmPLbs4J1","TL2_JrpCVnYdEEm3pLDvBImppMEQWC47Xc","cb17be66ae54f9f97c7ae5fb9899b3ba2a0a859d76dbc8830a13d66658849fd1","1","TriggerSmartContract","31","0","SUCCESS","Transfer","xyz","6","","","0","1","","452","618"
"13248819660","-5","1658632872000","42683036","TL3_71uqKaxZQApGGLB4rQCMBK6ercZ41r","TL4_VW0TCxQ5JJvkTAnSYDcvTOj9kSoa4z","637e026865bf2b6ed2f6491b05d333507dafa4caf0462820c7f58375d16eb298","1","TriggerSmartContract","31","0","SUCCESS","Transfer","xyz","6","","","0","1","","473","831"
"47946669696","-5","1658632972000","42683037","TL1_IKFK0VqP6dTrXhtevphRJUTmko95Om","TL2_6954LHjM4oYDXJuKKdw5VeTXKjqT6p","583ac878fe8475edb5b7ed20f0cce34c89496969b7114170d4ad68b619bc3d01","1","TriggerSmartContract","31","0","SUCCESS","Transfer","xyz","6","","","0","1","","261","968"
"43740354363","-5","1658633072000","42683038","TL2_plRFT77Ak9CZ13W0MEZKXV30XhwKAi","TL3_vOzxmxLWFqbCrASvyroNY8ihaRFA1y","56ce6ad69f92546c905816d968b12447bb3c38265623515fec5f845d9c164a2d","1","TriggerSmartContract","31","0","SUCCESS","Transfer","xyz","6","","","0","1","","469","716"
"43377939718","-5","1658633172000","42683039","TL4_fLtlECp1Zh2GVrMHEM2l6br6wSSGHq","TL5_0Zn56WfWJfUZ2RygiygT2kNOz0RwLz","788c446d982df46eca03e82f4935b70183d68d2d43a81adf6d46b73cfb06b00b","1","TriggerSmartContract","31","0","SUCCESS","Transfer","xyz","6","","","0","1","","303","788"
"3092310250","-5","1658633272000","42683040","TL3_RXQ9RH0C9jgW9mObYejFu3yGD3qHhe","TL4_vRLoLJ8UtHnMdfLBRTeRQ8Njpywwsn","7f1fadbd9f17918157a17db34f224b5e7253f98b0704509621cceeebfeb31ff2","1","TriggerSmartContract","31","0","SUCCESS","Transfer","xyz","6","","","0","1","","87","950"
"32124205702","-5","1658633372000","42683041","TL2_XSKacf7btQsHrkxCHMSYue7IVCSiIw","TL3_ojraCqvyswEfxVcwEmhoqU1de4eGDo","db7e6fd0678d3f222f1000395d82ba3113725c2f777653242d714ceda61b93fa","1","TriggerSmartContract","31","0","SUCCESS","Transfer","xyz","6","","","0","1","","250","856"
"41813091246","-5","1658633472000","42683042","TL3_xhpf4FokZfCokzanP1ozDGWJTAkl6o","TL4_tipNwop6pMZUXTaM8t9rRaxF1WKz7R","9fb237d22999c04fe83d8005b3826a60036e253744aa076d7a7f78c785157a59","1","TriggerSmartContract","31","0","SUCCESS","Transfer","xyz","6","","","0","1","","57","985"
"1364833446","-5","1658633572000","42683043","TL1_zrAJlSW3BxWbhzUQBvbE1HVUHxiOYm","TL2_ApeXZAQBP8SpUzUtIejSZTlRD5ZI6F","5ea8c2248dbf91fe2995fcad316825ad298efd1422c9c8b34fbaaa98ca1d78a5","1","TriggerSmartContract","31","0","SUCCESS","Transfer","xyz","6","","","0","1","","85","636"
"11400389023","-5","1658633672000","42683044","TL0_aI6pJI78svuMVUfes31mQd7HwUNOKA","TL1_sA88V1iQXNZN9Q1W9J1BK3xTnoXSP8","9b52f3dfb2cf05586e0e8b27b45533ba862b48dd73e3248918a38982d14df501","1","TriggerSmartContract","31","0","SUCCESS","Transfer","xyz","6","","","0","1","","91","503"
"29676965031","-5","1658633772000","42683045","TL1_FZmAxOTkGq0M3ZRf9yIxwTOhr09xnb","TL2_BDMIpWCWhuISMUbPFZJ1tJ5FjXAMGT","6b23a5b3f1bf3c051c1569a62a33b259f8772c623eb08abec65481e9c3815562","1","TriggerSmartContract","31","0","SUCCESS","Transfer","xyz","6","","","0","1","","16","768"
"10192091837","-5","1658633872000","42683046","TL0_UIYJAaYSKdRdFPWf6eTEl6c4VBIZ7l","TL1_179hEwOYz45YPSoXjjHlSzxZ17tsih","bc0f63c95a4c20fe4bca9cd3aa0cdd2c23de235d6d3e340c4fa1bae807fdce08","1","TriggerSmartContract","31","0","SUCCESS","Transfer","xyz","6","","","0","1","","351","805"
"36810584973","-5","1658633972000","42683047","TL4_vRLoLJ8UtHnMdfLBRTeRQ8Njpywwsn","TL5_Emuhu5q9fJfUjAtptQKUNEFQDRjWn9","95231907f1a2f78216a8717f970c5db6b734d10ac70d89b5875800f3f0713777","1","TriggerSmartContract","31","0","SUCCESS","Transfer","xyz","6","","","0","1","","342","983"
"33200330888","-5","1658634072000","42683048","TL3_71uqKaxZQApGGLB4rQCMBK6ercZ41r","TL4_vRLoLJ8UtHnMdfLBRTeRQ8Njpywwsn","f5e219f0e59121be7f5b65c1b59e1694572fb0342a2631c33ba62050e47d1705","1","TriggerSmartContract","31","0","SUCCESS","Transfer","xyz","6","","","0","1","","57","814"
"41320915121","-5","1658634172000","42683049","TL0_v7iMG98dBARNHX3ADfdqjJrA07Bb7g","TL1_cAhrd4mck9SZCfEmUr3Y3ZmPLbs4J1","530a06213c9269a5c31b4dc42ff27d4f003cac2097874d5f678fda5a696f1ee3","1","TriggerSmartContract","31","0","SUCCESS","Transfer","xyz","6","","","0","1","","474","992"
"3494112269","-5","1658634272000","42683050","TL0_taqVhCeudh6sYk5VY5jmNbVJDv4wyu","TL1_1KB6onzAO1EjCyHvtr6mY1xlgsC9QJ","8594cb933cdc12e625c157b212947715ff0e3640af70385ba99e83307319d176","1","TriggerSmartContract","31","0","SUCCESS","Transfer","xyz","6","","","0","1","","336","976"
"34339524945","-5","1658634372000","42683051","TL0_NhuaT4tSKAC9rG1UI941POz9JwRoPG","TL1_zrAJlSW3BxWbhzUQBvbE1HVUHxiOYm","cfb573ec6356908e70a8d7a2cf160b448e06076c5bf032f54bb9c49779306c9b","1","TriggerSmartContract","31","0","SUCCESS","Transfer","xyz","6","","","0","1","","402","994"
"34376036206","-5","1658634472000","42683052","TL1_IKFK0VqP6dTrXhtevphRJUTmko95Om","TL2_BWsuLrWVniHeaW8LUTouPCjmBWaSDg","48e55e66508ae13f335cfb593b49a4d7bc89e0d568ed67ae4d4e719f0fc7ae9b","1","TriggerSmartContract","31","0","SUCCESS","Transfer","xyz","6","","","0","1","","332","566"
"20791871386","-5","1658634572000","42683053","TL0_yG9OXG4LxA2Euv6Nzu7VKu6dnFxb6W","TL1_x3NfJwA4riffmafYWeuixveABSDwmd","93b6e906c91bde97bdfde62fc448116bbce8b6ac467f2c655db201be4b6b1113","1","TriggerSmartContract","31","0","SUCCESS","Transfer","xyz","6","","","0","1","","288","520"
"132292158","-5","1658634672000","42683054","TL0_taqVhCeudh6sYk5VY5jmNbVJDv4wyu","TL1_FZmAxOTkGq0M3ZRf9yIxwTOhr09xnb","dfb1d28fe531d5094df64e56992e284431cb880b5d6f8348813c94c7466e9c46","1","TriggerSmartContract","31","0","SUCCESS","Transfer","xyz","6","","","0","1","","90","719"
"25608680827","-5","1658634772000","42683055","TL1_sA88V1iQXNZN9Q1W9J1BK3xTnoXSP8","TL2_6954LHjM4oYDXJuKKdw5VeTXKjqT6p","628983deab9e7a8ba9b9b16096976cbc1e06589d2e4d21a7af2d1162b9ab6054","1","TriggerSmartContract","31","0","SUCCESS","Transfer","xyz","6","","","0","1","","338","780"
"12119138461","-5","1658634872000","42683056","TL2_6954LHjM4oYDXJuKKdw5VeTXKjqT6p","TL3_WS3EgwewkkkOaNXsP99M3Zba7UcK5T","8dbe1fa4ecaad14f6d07c961285816caa3fc8fbdea63034bb14c425919a40232","1","TriggerSmartContract","31","0","SUCCESS","Transfer","xyz","6","","","0","1","","417","796"
"31018177283","-5","1658634972000","42683057","TL3_71uqKaxZQApGGLB4rQCMBK6ercZ41r","TL4_kxsyrx8U8tKiuECnHQBglQw200pLGW","c201dc959c39c4c9f5053ebb4ae1f2e4033353065e5c60d0a94b4976c3daec54","1","TriggerSmartContract","31","0","SUCCESS","Transfer","xyz","6","","","0","1","","45","938"
"39760315703","-5","1658635072000","42683058","TL1_EsrtUnJPucMUH59GU0GC2EBp22DbF8","TL2_BDMIpWCWhuISMUbPFZJ1tJ5FjXAMGT","4b4d1dbda601dcfb9ecd78eae9b6fff57d77b3984c1ab098739b89525b5ef337","1","TriggerSmartContract","31","0","SUCCESS","Transfer","xyz","6","","","0","1","","152","971"
"17774265974","-5","1658635172000","42683059","TL1_bVUrn6C2uLGeY1CAa8wJXXF3GZ8aJp","TL2_tKZV11IffE4K64uaTHbNdPZqc8i33m","de958c47bdcdd5a7cfdc3b41f54272ff037edfec6f9791fcd7fc127b7adf61c4","1","TriggerSmartContract","31","0","SUCCESS","Transfer","xyz","6","","","0","1","","40","723"
"2236032169","-5","1658635272000","42683060","TL0_iMF3oRaX5T6BX0f06IgJ5JpdQfkDxf","TL1_FZmAxOTkGq0M3ZRf9yIxwTOhr09xnb","e31457037774726a474165f117ec2b64736dba1ccb49d2cdbb91578110e9aaf7","1","TriggerSmartContract","31","0","SUCCESS","Transfer","xyz","6","","","0","1","","351","815"
"11231168641","-5","1658635372000","42683061","TL2_ER9WRoc3sQjYEo65y8a7fOmj5QwIDV","TL3_SzTnP2oj6C3s3IPmKr6GhrSTxoqBMW","eeba983d96559bd4be3ac4f32f1d0ce7b6ba8e8c18ecb1649c625fbae72729f2","1","TriggerSmartContract","31","0","SUCCESS","Transfer","xyz","6","","","0","1","","458","930"
"19549968254","-5","1658635472000","42683062","TL1_IKFK0VqP6dTrXhtevphRJUTmko95Om","TL2_plRFT77Ak9CZ13W0MEZKXV30XhwKAi","725e3eda9e624a10f6d747695e9e140ffc0b157cb2744859d73141d8a601354c","1","TriggerSmartContract","31","0","SUCCESS","Transfer","xyz","6","","","0","1","","483","818"
"10632567727","-5","1658635572000","42683063","TL3_SzTnP2oj6C3s3IPmKr6GhrSTxoqBMW","TL4_l5qADKVYMXHlIPHgLpxnNi0WCrqUle","36f8760209d0c41f9934132884ae753c54ab9e86c32f13cae1a873e67d24ffe0","1","TriggerSmartContract","31","0","SUCCESS","Transfer","xyz","6","","","0","1","","469","691"
"21777750060","-5","1658635672000","42683064","TL4_uN3W0hFXmfEaybXpjHesbNSi5xJZSp","TL5_UJ2sC8FTzjCugnJhgptTbF0E9lx77s","3460f9239d9da24ce50687d4f377efe383b40ac3a827b5b919cb6b11e5123d6b","1","TriggerSmartContract","31","0","SUCCESS","Transfer","xyz","6","","","0","1","","280","788"
"49970853823","-5","1658635772000","42683065","TL0_yG9OXG4LxA2Euv6Nzu7VKu6dnFxb6W","TL1_rlnBSbJ8cG6quaCf6T1W0gdNfL1FSk","f9f117e9c109c1fce9472038b76d8ea9b2841649520ea0178ac9e91afb6397fe","1","TriggerSmartContract","31","0","SUCCESS","Transfer","xyz","6","","","0","1","","25","668"
"21008703061","-5","1658635872000","42683066","TL1_latjpyDDXmOa54jmpMtGehNZ5g6zjx","TL2_53eA6WSKWbtFEitI7YYf8DUPlKClMn","355d13f0c1fd4198b4f66a200fd6c0b79a2b84d04f7361151d7dbd496bd231a7","1","TriggerSmartContract","31","0","SUCCESS","Transfer","xyz","6","","","0","1","","331","571"
"38626447418","-5","1658635972000","42683067","TL2_KiQjOWGPigo5c5e6Wm6aJTHt4GaI7t","TL3_AcZ19Ox3Omq0t5JGwbJkHXryrvFBCJ","0192d8ab3483aa6a2674ac4c60e30926d034aa58a5a92a63b6206c0ed1b1ef73","1","TriggerSmartContract","31","0","SUCCESS","Transfer","xyz","6","","","0","1","","278","946"
"6231160384","-5","1658636072000","42683068","TL2_gViXSgEX773nnQ3pYXlcBwJ4Xr27FJ","TL3_RXQ9RH0C9jgW9mObYejFu3yGD3qHhe","0230ba5406beca1a409c83cc45be00b0b9c49495fd86e707eeb78f7cddd32bd6","1","TriggerSmartContract","31","0","SUCCESS","Transfer","xyz","6","","","0","1","","227","700"
"49364220654","-5","1658636172000","42683069","TL2_tiUzYXVBKjVqEcCnLvKoKMZbsQWj7R","TL3_8I1foqYajoqc28ak9vRQZwL93xMVzl","707a38e67267c9781a4a76649b75daad2613206dff3beef1e785c30596dc0a31","1","TriggerSmartContract","31","0","SUCCESS","Transfer","xyz","6","","","0","1","","405","937"
"17448041079","-5","1658636272000","42683070","TL0_tGzjrZ4EcEO4cCG8JvIlDtxeyC7fay","TL1_bVUrn6C2uLGeY1CAa8wJXXF3GZ8aJp","57f4e4746a11600dcf987ec916f3b202fae274370e35757cb5b7567e33f02104","1","TriggerSmartContract","31","0","SUCCESS","Transfer","xyz","6","","","0","1","","292","971"
"13944609323","-5","1658636372000","42683071","TL1_PcqKlNdet4ghE0X8QflyArEpVEJMNe","TL2_Ky7EcI91QSBSXoTJIhCejQEieBOVZ4","1d94cb5d6099882e93b01947e90b4e0a82f0849f963cd5a97097bbf4e1a541dd","1","TriggerSmartContract","31","0","SUCCESS","Transfer","xyz","6","","","0","1","","456","920"
"4442738302","-5","1658636472000","42683072","TL4_XwmQehWrkHLszju0R4VQFoqJq8to8t","TL5_9zKXbgWQKbnK3yiKla0DWkHesBKNiU","01289a9fdfe5b3f96822ac1e36aa6cfe4c05d19e348985c6723b79b83a8daeff","1","TriggerSmartContract","31","0","SUCCESS","Transfer","xyz","6","","","0","1","","221","973"
"49879957214","-5","1658636572000","42683073","TL3_n5om1HDQO987aiKMH0LSRKULZfFWe9","TL4_XwmQehWrkHLszju0R4VQFoqJq8to8t","dfae7496f346e4d52701ff8228e379633f85a11bea40c158d67cf974ec7db15c","1","TriggerSmartContract","31","0","SUCCESS","Transfer","xyz","6","","","0","1","","498","694"
"14348741269","-5","1658636672000","42683074","TL2_97KeDMFPhch9GtHwkuuXbIuKxWd8Fb","TL3_AcZ19Ox3Omq0t5JGwbJkHXryrvFBCJ","a88468957a9c4d61242f56f8a2b1452229a286bafba9df3037f38237cc9dd46c","1","TriggerSmartContract","31","0","SUCCESS","Transfer","xyz","6","","","0","1","","129","583"
"11192810652","-5","1658636772000","42683075","TL0_yG9OXG4LxA2Euv6Nzu7VKu6dnFxb6W","TL1_PcqKlNdet4ghE0X8QflyArEpVEJMNe","720fd33abde06059ebe67b047dd248a5c42681b58f6397fabfa7ce6e2b051b5d","1","TriggerSmartContract","31","0","SUCCESS","Transfer","xyz","6","","","0","1","","311","685"
"23637928313","-5","1658636872000","42683076","TL4_WIt2I7mJrXpuhXvbC6vL27aLq7Q4KE","TL5_0Zn56WfWJfUZ2RygiygT2kNOz0RwLz","43b9f1c4982d6376fa7644fb27d1cbadc223c7c8122e1f5ee74db65999bb1167","1","TriggerSmartContract","31","0","SUCCESS","Transfer","xyz","6","","","0","1","","167","605"
"6412350613","-5","1658636972000","42683077","TL1_cAhrd4mck9SZCfEmUr3Y3ZmPLbs4J1","TL2_6954LHjM4oYDXJuKKdw5VeTXKjqT6p","f205116f25c62ba1819eb901510d8e52718f518cc7d58e1a00db8030fd0be2b2","1","TriggerSmartContract","31","0","SUCCESS","Transfer","xyz","6","","","0","1","","10","637"
"25500612983","-5","1658637072000","42683078","TL3_PHlKp2OVI7duPLZvJZ2eVC6p3RamTL","TL4_XwmQehWrkHLszju0R4VQFoqJq8to8t","2983c2ba961a9a134f4d62d4acbe54f2714cc59cb9e859a8ad2131fc6c21417c","1","TriggerSmartContract","31","0","SUCCESS","Transfer","xyz","6","","","0","1","","368","694"
"12726636091","-5","1658637172000","42683079","TL0_v7iMG98dBARNHX3ADfdqjJrA07Bb7g","TL1_EsrtUnJPucMUH59GU0GC2EBp22DbF8","f0962137edc86cced0e6151d2606f1f43fe67992924cb0677b5cb3644086f361","1","TriggerSmartContract","31","0","SUCCESS","Transfer","xyz","6","","","0","1","","119","983"
"46982167272","-5","1658637272000","42683080","TL1_zrAJlSW3BxWbhzUQBvbE1HVUHxiOYm","TL2_plRFT77Ak9CZ13W0MEZKXV30XhwKAi","fbe17b6e7ec0970ad6bd56771a1f8d111eddcd798b691b81cde4c32e96eff0b7","1","TriggerSmartContract","31","0","SUCCESS","Transfer","xyz","6","","","0","1","","171","592"
"46992683647","-5","1658637372000","42683081","TL4_uN3W0hFXmfEaybXpjHesbNSi5xJZSp","TL5_RvDjd6V7cV7meGdIKI7O6ZcEMogGdK","8bc26027cc2280c6154a265078f35d87f0733d5f77a70f11fb77848bb79e136f","1","TriggerSmartContract","31","0","SUCCESS","Transfer","xyz","6","","","0","1","","485","501"
"36519900456","-5","1658637472000","42683082","TL0_kChf5Gga6bHWT6dQqfLEl707AgDurv","TL1_6neunA32FmCeHYF3oTP5nBoi3nvEfm","0938b34cfe79e798537c0c254e7d300228e59869a37992a3350833846d06948d","1","TriggerSmartContract","31","0","SUCCESS","Transfer","xyz","6","","","0","1","","255","740"
"46492986708","-5","1658637572000","42683083","TL1_cAhrd4mck9SZCfEmUr3Y3ZmPLbs4J1","TL2_Bv09ezcTdU6daGBiMXPD53dmS1Jh66","a2acbee9d3e9915e593dab113dcc47d0b437a9c97662c7d7bc65ec32bc38a411","1","TriggerSmartContract","31","0","SUCCESS","Transfer","xyz","6","","","0","1","","182","834"
"39925083307","-5","1658637672000","42683084","TL2_Ky7EcI91QSBSXoTJIhCejQEieBOVZ4","TL3_kK4HWVrkVv7wyzEmRsFgsSeLY1KDYV","ac8abd00b683c8176590add5b6f667b1a727dd22e2bee39d7d4a563664ec2e30","1","TriggerSmartContract","31","0","SUCCESS","Transfer","xyz","6","","","0","1","","13","741"
"33522035861","-5","1658637772000","42683085","TL3_RXQ9RH0C9jgW9mObYejFu3yGD3qHhe","TL4_XwmQehWrkHLszju0R4VQFoqJq8to8t","d080a0ac0b65fde10251bbd4a422f673a46e228440d42dc987677c63069c082a","1","TriggerSmartContract","31","0","SUCCESS","Transfer","xyz","6","","","0","1","","28","566"
"22584285685","-5","1658637872000","42683086","TL3_GyQQ8usssxG3ax3iGWhKwp04TONSac","TL4_AbAsVCu8KJI1AYOPk1n35E6YSlyFiW","5a18691f1baa16e7673d4d37fe22b77eaf5d78cac22eeb63fa28b54755c0f40e","1","TriggerSmartContract","31","0","SUCCESS","Transfer","xyz","6","","","0","1","","79","815"
"45822746284","-5","1658637972000","42683087","TL2_plRFT77Ak9CZ13W0MEZKXV30XhwKAi","TL3_n5om1HDQO987aiKMH0LSRKULZfFWe9","405f6a013fc7f8ea7aea06286e0396fce104fe54186ae44f072959bf074fe31e","1","TriggerSmartContract","31","0","SUCCESS","Transfer","xyz","6","","","0","1","","334","580"
"48926073594","-5","1658638072000","42683088","TL0_HGTGmeE7JpqFjoej0jljS1zgutnNBw","TL1_USrap094dSP0A2fbpBRN979ck4X47Y","996d69f8e816932685e7904729871091fa018de5468d829b992894a12e468816","1","TriggerSmartContract","31","0","SUCCESS","Transfer","xyz","6","","","0","1","","209","786"
"13393530308","-5","1658638172000","42683089","TL2_BWsuLrWVniHeaW8LUTouPCjmBWaSDg","TL3_xhpf4FokZfCokzanP1ozDGWJTAkl6o","324573436147288f7d7af8f79cf96b75cfa7b3b5a1f88d5083e70c36c636f7ec","1","TriggerSmartContract","31","0","SUCCESS","Transfer","xyz","6","","","0","1","","335","647"
"26066777709","-5","1658638272000","42683090","TL0_HGTGmeE7JpqFjoej0jljS1zgutnNBw","TL1_1KB6onzAO1EjCyHvtr6mY1xlgsC9QJ","d916debd29101dee0eb81323e656da66b74b37e68cae210b08a342bcd0c61def","1","TriggerSmartContract","31","0","SUCCESS","Transfer","xyz","6","","","0","1","","498","680"
"47742054427","-5","1658638372000","42683091","TL2_tiUzYXVBKjVqEcCnLvKoKMZbsQWj7R","TL3_SzTnP2oj6C3s3IPmKr6GhrSTxoqBMW","304ada6284f9b66d8eb327c8d885c4c84c36419862a7f8d2c0ea5dc4d9c62cc4","1","TriggerSmartContract","31","0","SUCCESS","Transfer","xyz","6","","","0","1","","226","798"
"43942001311","-5","1658638472000","42683092","TL1_rlnBSbJ8cG6quaCf6T1W0gdNfL1FSk","TL2_XSKacf7btQsHrkxCHMSYue7IVCSiIw","4f2cb7c6d1416cc25898136ee80ee9febd491626037ba85d552bbbcb90d11814","1","TriggerSmartContract","31","0","SUCCESS","Transfer","xyz","6","","","0","1","","173","778"
"18581252969","-5","1658638572000","42683093","TL3_WS3EgwewkkkOaNXsP99M3Zba7UcK5T","TL4_AbKZGsHLjzj7ZoG6g7xWjXxw3eYJFs","4d036f3f2749ed8142ac6432c8ff1c02d91a036ed66d099e9256d54c94ae6a90","1","TriggerSmartContract","31","0","SUCCESS","Transfer","xyz","6","","","0","1","","149","602"
"16714802194","-5","1658638672000","42683094","TL1_VfD4h8bUyXdrstR4btiWZPhpGgg4k6","TL2_6yCq6qFzdBg7XAcc2MTZay6tgrFZpE","846fe4ea5d814bf2f7cae2551c39fa5043270a07876a2c2b2bc3d21e7f93c775","1","TriggerSmartContract","31","0","SUCCESS","Transfer","xyz","6","","","0","1","","244","621"
"34369087847","-5","1658638772000","42683095","TL0_HGTGmeE7JpqFjoej0jljS1zgutnNBw","TL1_IKFK0VqP6dTrXhtevphRJUTmko95Om","6acef265197b68de4ef310b6e7843d15af83fe87a9d4a6675c2cf3c786c3daf3","1","TriggerSmartContract","31","0","SUCCESS","Transfer","xyz","6","","","0","1","","223","868"
"44667382706","-5","1658638872000","42683096","TL1_x3NfJwA4riffmafYWeuixveABSDwmd","TL2_Bv09ezcTdU6daGBiMXPD53dmS1Jh66","d0ac22cf90f36ad1ee0b3530c10568a1f5de68ef7e9e66b08011ba54c42431ff","1","TriggerSmartContract","31","0","SUCCESS","Transfer","xyz","6","","","0","1","","229","602"
"16296158442","-5","1658638972000","42683097","TL0_SFTAEtWzP8jRL2FCESTq50fMxEZg3e","TL1_EsrtUnJPucMUH59GU0GC2EBp22DbF8","5b4c542195a91a11d103f663434177db09a0f4fb14feadf4fe850e2feb69087b","1","TriggerSmartContract","31","0","SUCCESS","Transfer","xyz","6","","","0","1","","397","999"
"2896434090","-5","1658639072000","42683098","TL4_tipNwop6pMZUXTaM8t9rRaxF1WKz7R","TL5_RvDjd6V7cV7meGdIKI7O6ZcEMogGdK","dd8420601b3ea4d0a3312f1126778b102c7d03e2f759bf200e54e149ab21787b","1","TriggerSmartContract","31","0","SUCCESS","Transfer","xyz","6","","","0","1","","325","611"
"48540753523","-5","1658639172000","42683099","TL2_Ky7EcI91QSBSXoTJIhCejQEieBOVZ4","TL3_BzwXtvwR2HDoI9lp0SXLZJy66Pk545","3643111e449701e8e88b4733cd0cfa6170a7d6a67df3e7524eb2bfd379a209b3","1","TriggerSmartContract","31","0","SUCCESS","Transfer","xyz","6","","","0","1","","472","837"
"7605402472","-5","1658639272000","42683100","TL4_3UeDLBRPnDqKI6DQ1yu7yNA1MTACdh","TL5_hiIp6n8QyrqpEziFXFKcn6GL0koxPp","2b4feab1f699eef1f299a83710ccf1661e1e81ca8aecf3f7488e3c8772b4c180","1","TriggerSmartContract","31","0","SUCCESS","Transfer","xyz","6","","","0","1","","323","874"
"39288148227","-5","1658639372000","42683101","TL1_1KB6onzAO1EjCyHvtr6mY1xlgsC9QJ","TL2_DiVcIW3ACfZXJp7lWfUwl42MrSQK7M","3301a0159d2588687a1f134015156f9260131b24ca16db26abddad1426f17dff","1","TriggerSmartContract","31","0","SUCCESS","Transfer","xyz","6","","","0","1","","435","943"
"44983333444","-5","1658639472000","42683102","TL2_6yCq6qFzdBg7XAcc2MTZay6tgrFZpE","TL3_n5om1HDQO987aiKMH0LSRKULZfFWe9","e2f07b70369a0ebf1bfa9e666a39dbff05938f052d8c0513a29c8ffe9defa385","1","TriggerSmartContract","31","0","SUCCESS","Transfer","xyz","6","","","0","1","","267","915"
"3753887285","-5","1658639572000","42683103","TL0_v7iMG98dBARNHX3ADfdqjJrA07Bb7g","TL1_6WrFZvSTfPkYlvIFhF6eyZVdxUSG4H","06ec3392b8543073718754308e20ec23a22b92527a8942ccf5cafb06c53cfc25","1","TriggerSmartContract","31","0","SUCCESS","Transfer","xyz","6","","","0","1","","115","503"
"48645480399","-5","1658639672000","42683104","TL3_PHlKp2OVI7duPLZvJZ2eVC6p3RamTL","TL4_aJXjeDQQuTDs3GwLmPpb1yBgLDfngo","95158fd560d1aa6171012f29b6a7deaf9cd90845a8b4e50b5611f6e2d62a7d1f","1","TriggerSmartContract","31","0","SUCCESS","Transfer","xyz","6","","","0","1","","166","953"
"9191647642","-5","1658639772000","42683105","TL1_PcqKlNdet4ghE0X8QflyArEpVEJMNe","TL2_ER9WRoc3sQjYEo65y8a7fOmj5QwIDV","65fd21d6787f2ef42400f4bcdf3d3cf7b2d2266ffbf20a9e6d0206067d51830d","1","TriggerSmartContract","31","0","SUCCESS","Transfer","xyz","6","","","0","1","","319","770"
"11759392678","-5","1658639872000","42683106","TL0_AUkX7hXbf5sU6URS2kOBxOEJBnFpd9","TL1_latjpyDDXmOa54jmpMtGehNZ5g6zjx","18cea6df7f7fee937d61d8bee29323f0ec5960ea4f96e7c7db229b4b90e728f1","1","TriggerSmartContract","31","0","SUCCESS","Transfer","xyz","6","","","0","1","","50","981"
"22712791157","-5","1658639972000","42683107","TL3_rn5fyj5a3PDPOXVlOqzSUtYLhMlYiZ","TL4_gHmECSZgADu6c4XUkYjwcYXXUi6hdE","a950bc5264b886f495f82c5bbcfc19ce6f23a83dec17db396e6eab38e814adc3","1","TriggerSmartContract","31","0","SUCCESS","Transfer","xyz","6","","","0","1","","391","748"
"7094715418","-5","1658640072000","42683108","TL0_k6Z1kmnMZcOpr1Xp59BGbnYn8u80cE","TL1_PcqKlNdet4ghE0X8QflyArEpVEJMNe","cc516d1c9e4d955697d5f2bc2c4871ab8cbf10682948269a4de66b66a595e16d","1","TriggerSmartContract","31","0","SUCCESS","Transfer","xyz","6","","","0","1","","84","563"
"29506264068","-5","1658640172000","42683109","TL4_AbAsVCu8KJI1AYOPk1n35E6YSlyFiW","TL5_j6uZTzEKajmJGRj7WIjOvoGronOfd5","ef43bfee9cda0350caf6f35ef904ca4a84c6f2201f781fd7fa63b731e120b5dd","1","TriggerSmartContract","31","0","SUCCESS","Transfer","xyz","6","","","0","1","","223","761"
"16096570247","-5","1658640272000","42683110","TL1_x3NfJwA4riffmafYWeuixveABSDwmd","TL2_6yCq6qFzdBg7XAcc2MTZay6tgrFZpE","38883e9c00548b7331b6020f995dd36233a6db0ccff34fe7148d119c5f91d4db","1","TriggerSmartContract","31","0","SUCCESS","Transfer","xyz","6","","","0","1","","159","966"
"47403531215","-5","1658640372000","42683111","TL2_ER9WRoc3sQjYEo65y8a7fOmj5QwIDV","TL3_rn5fyj5a3PDPOXVlOqzSUtYLhMlYiZ","c06fc2542f460b85eff509e96a796c1b08a3d80fa2c0f5a7e0a8c178a2af0cb8","1","TriggerSmartContract","31","0","SUCCESS","Transfer","xyz","6","","","0","1","","284","661"
"30893019393","-5","1658640472000","42683112","TL2_Ky7EcI91QSBSXoTJIhCejQEieBOVZ4","TL3_xhpf4FokZfCokzanP1ozDGWJTAkl6o","d18e1a4cb1561c7baf1721eed8f7b9f02d37bae76482b4cf0207ac606a1e96a1","1","TriggerSmartContract","31","0","SUCCESS","Transfer","xyz","6","","","0","1","","70","836"
"39901393311","-5","1658640572000","42683113","TL2_plRFT77Ak9CZ13W0MEZKXV30XhwKAi","TL3_vOzxmxLWFqbCrASvyroNY8ihaRFA1y","d33ad6e188f91485c06f19f475c4a7b1a399681dfe4c255ff72a11edc52ec04a","1","TriggerSmartContract","31","0","SUCCESS","Transfer","xyz","6","","","0","1","","332","763"
"11553650477","-5","1658640672000","42683114","TL1_xMH0GYoyXNLNLRhlLtwSUtl9x8PHUh","TL2_Ky7EcI91QSBSXoTJIhCejQEieBOVZ4","da3ebd4ca2fc65c2964f4abf1ce52dfddd99d4da1c82085b2d8f63d79e8302e9","1","TriggerSmartContract","31","0","SUCCESS","Transfer","xyz","6","","","0","1","","92","506"
"20516955968","-5","1658640772000","42683115","TL4_fLtlECp1Zh2GVrMHEM2l6br6wSSGHq","TL5_09ATntxXgLI5BseChRpOXMy9Rrtyop","c2c3b3a90f95ccf2f73e7fac84c9ba5faa029c8b127b90e6f87f11cf4268d486","1","TriggerSmartContract","31","0","SUCCESS","Transfer","xyz","6","","","0","1","","83","740"
"11239127252","-5","1658640872000","42683116","TL2_6yCq6qFzdBg7XAcc2MTZay6tgrFZpE","TL3_ojraCqvyswEfxVcwEmhoqU1de4eGDo","08ce0829bf3cbdad52ee0b7338fa7b4b2db7892d7372d8cb9c1856a0ca3b1a27","1","TriggerSmartContract","31","0","SUCCESS","Transfer","xyz","6","","","0","1","","2","599"
"46825923725","-5","1658640972000","42683117","TL4_AbAsVCu8KJI1AYOPk1n35E6YSlyFiW","TL5_Emuhu5q9fJfUjAtptQKUNEFQDRjWn9","5c34f70ae20faa47a4306b38eaf169e05bf32d515aa4069e0acba47e386cea7f","1","TriggerSmartContract","31","0","SUCCESS","Transfer","xyz","6","","","0","1","","155","655"
"13736005249","-5","1658641072000","42683118","TL2_ApeXZAQBP8SpUzUtIejSZTlRD5ZI6F","TL3_vOzxmxLWFqbCrASvyroNY8ihaRFA1y","4bc208e6ea06f259a1172ec47fa2c2f5cdf30250d3c9c12f24293705bd250b71","1","TriggerSmartContract","31","0","SUCCESS","Transfer","xyz","6","","","0","1","","124","695"
"7638406791","-5","1658641172000","42683119","TL2_JrpCVnYdEEm3pLDvBImppMEQWC47Xc","TL3_kK4HWVrkVv7wyzEmRsFgsSeLY1KDYV","0103d1981651d63861db9eb1703a64ec45335fff58f02d2792f7eb424aa83c66","1","TriggerSmartContract","31","0","SUCCESS","Transfer","xyz","6","","","0","1","","493","953"
"802103787","-5","1658641272000","42683120","TL1_IKFK0VqP6dTrXhtevphRJUTmko95Om","TL2_JrpCVnYdEEm3pLDvBImppMEQWC47Xc","ca3651a2224d8d5ac128fd1909ff42655c4effedd78bd6d29ac40faccc74fadf","1","TriggerSmartContract","31","0","SUCCESS","Transfer","xyz","6","","","0","1","","104","584"
"46746237589","-5","1658641372000","42683121","TL4_l5qADKVYMXHlIPHgLpxnNi0WCrqUle","TL5_12DGOLPegW41V3liFY7slhUBbURNO9","b36bc131616de2676068fc8f4a7d9adc6edd510066fa4a9c23794516c3b3264e","1","TriggerSmartContract","31","0","SUCCESS","Transfer","xyz","6","","","0","1","","189","932"
"14111984752","-5","1658641472000","42683122","TL2_ER9WRoc3sQjYEo65y8a7fOmj5QwIDV","TL3_WS3EgwewkkkOaNXsP99M3Zba7UcK5T","2526a359c335bc52da98313e61115cd4baec6ee9e00f4313066e9f6b52a3974e","1","TriggerSmartContract","31","0","SUCCESS","Transfer","xyz","6","","","0","1","","200","916"
"40789585507","-5","1658641572000","42683123","TL0_UIYJAaYSKdRdFPWf6eTEl6c4VBIZ7l","TL1_zrAJlSW3BxWbhzUQBvbE1HVUHxiOYm","5fd7f323ba1702b796843ef68fdf679085f246b7f79c358bff6eb7ed3759097f","1","TriggerSmartContract","31","0","SUCCESS","Transfer","xyz","6","","","0","1","","301","788"
"13685810043","-5","1658641672000","42683124","TL3_rn5fyj5a3PDPOXVlOqzSUtYLhMlYiZ","TL4_vRLoLJ8UtHnMdfLBRTeRQ8Njpywwsn","9a88bf2adecc2f12503947ce8ff42ff82b997763e351db8ad6ccde94a5b6849c","1","TriggerSmartContract","31","0","SUCCESS","Transfer","xyz","6","","","0","1","","243","902"
"38279246937","-5","1658641772000","42683125","TL2_ApeXZAQBP8SpUzUtIejSZTlRD5ZI6F","TL3_n5om1HDQO987aiKMH0LSRKULZfFWe9","58816d36e689fe7d6b768ca6c22796a451fa767eb1d1f6c48e02710e686f2ece","1","TriggerSmartContract","31","0","SUCCESS","Transfer","xyz","6","","","0","1","","487","963"
"12125697098","-5","1658641872000","42683126","TL2_6954LHjM4oYDXJuKKdw5VeTXKjqT6p","TL3_n5om1HDQO987aiKMH0LSRKULZfFWe9","bee7ae4e8258c3f5f6e34569f8dfa92dab51404acfde7242ec0799459bed689f","1","TriggerSmartContract","31","0","SUCCESS","Transfer","xyz","6","","","0","1","","378","650"
"15164165372","-5","1658641972000","42683127","TL2_53eA6WSKWbtFEitI7YYf8DUPlKClMn","TL3_nW40NdboHbBmNL2ffVgjSeAcozeOY5","824d7a6d94417a522d744469432de9f7a16b9544f66914a2d0c2d44c2c0bacb7","1","TriggerSmartContract","31","0","SUCCESS","Transfer","xyz","6","","","0","1","","53","558"
"7293131424","-5","1658642072000","42683128","TL2_ApeXZAQBP8SpUzUtIejSZTlRD5ZI6F","TL3_n5om1HDQO987aiKMH0LSRKULZfFWe9","1e402a4e348c520a20d797f341eb6a86d8ab4769a4468ca84c12cb5298ded2e4","1","TriggerSmartContract","31","0","SUCCESS","Transfer","xyz","6","","","0","1","","128","588"
"15199533295","-5","1658642172000","42683129","TL3_N4P1hg1wJFIx3qGNEHcblKEx7CjznF","TL4_vRLoLJ8UtHnMdfLBRTeRQ8Njpywwsn","500c480c42ee3a9b8443d0489c2d3775430f9bcf9506c3f6f0b8ed65d494db7d","1","TriggerSmartContract","31","0","SUCCESS","Transfer","xyz","6","","","0","1","","127","839"
"33168259766","-5","1658642272000","42683130","TL3_nW40NdboHbBmNL2ffVgjSeAcozeOY5","TL4_WIt2I7mJrXpuhXvbC6vL27aLq7Q4KE","210594d23282a6c225b55cf1becd0b311e3f48111c651f61516e8317245d4ea4","1","TriggerSmartContract","31","0","SUCCESS","Transfer","xyz","6","","","0","1","","284","842"
"46310637803","-5","1658642372000","42683131","TL0_P7Bo0mPb6BJYOk8JXckQQYUToiZexJ","TL1_VfD4h8bUyXdrstR4btiWZPhpGgg4k6","06a3484682db1744c792c4b656241dbae0e7cfa74dda0c47f6d6fead490591b2","1","TriggerSmartContract","31","0","SUCCESS","Transfer","xyz","6","","","0","1","","43","896"
"35267521509","-5","1658642472000","42683132","TL0_HGTGmeE7JpqFjoej0jljS1zgutnNBw","TL1_EsrtUnJPucMUH59GU0GC2EBp22DbF8","bc5a5b76563b68ec9172cd6ac45af22c8539835b0cef2b50d633b7b5ccc39ab8","1","TriggerSmartContract","31","0","SUCCESS","Transfer","xyz","6","","","0","1","","318","726"
"49481013430","-5","1658642572000","42683133","TL4_WIt2I7mJrXpuhXvbC6vL27aLq7Q4KE","TL5_y9rFBWMLdtmadVvzWTsGo6DltyVbKV","05a077edc0cb61688d0d85977e6678b7b828a7784fe6e5c45717bc4e3eed2535","1","TriggerSmartContract","31","0","SUCCESS","Transfer","xyz","6","","","0","1","","494","830"
"31277166176","-5","1658642672000","42683134","TL0_rnp87INqOT9hESBPknZ8xm0pZOvOPX","TL1_6WrFZvSTfPkYlvIFhF6eyZVdxUSG4H","30875927d9498c34a0f7cc557f195eb427c1bf8141cbce88dacb4c8dddc6162c","1","TriggerSmartContract","31","0","SUCCESS","Transfer","xyz","6","","","0","1","","104","766"
"7927092348","-5","1658642772000","42683135","TL4_gHmECSZgADu6c4XUkYjwcYXXUi6hdE","TL5_09ATntxXgLI5BseChRpOXMy9Rrtyop","74dd53dbf1d62ca20f12e53cd6c0348ed6ab068571fe1d2cad1096beafa5f5dd","1","TriggerSmartContract","31","0","SUCCESS","Transfer","xyz","6","","","0","1","","356","704"
"4892616498","-5","1658642872000","42683136","TL3_nW40NdboHbBmNL2ffVgjSeAcozeOY5","TL4_AbKZGsHLjzj7ZoG6g7xWjXxw3eYJFs","116439b92deb1f9cd655b246ae39586d52e54280b9a612eb216f5b871536a693","1","TriggerSmartContract","31","0","SUCCESS","Transfer","xyz","6","","","0","1","","255","777"
"22799630286","-5","1658642972000","42683137","TL0_tGzjrZ4EcEO4cCG8JvIlDtxeyC7fay","TL1_5FuqPHn4fJVcIzFEZNvDvRfZ3Tl9iD","b508bec0775ae3160e4a29778b0d37c32190410e2801b4e0b14f814d7aae8c70","1","TriggerSmartContract","31","0","SUCCESS","Transfer","xyz","6","","","0","1","","38","667"
"38357572806","-5","1658643072000","42683138","TL2_ER9WRoc3sQjYEo65y8a7fOmj5QwIDV","TL3_l3b2LqtcekDHFGtxtyWUDELPvxCuW2","05d3ba2de4eb1bd438db02a03a6593b39545fecf8d70f06c16cfae2476287d29","1","TriggerSmartContract","31","0","SUCCESS","Transfer","xyz","6","","","0","1","","254","737"
"15853919179","-5","1658643172000","42683139","TL0_aI6pJI78svuMVUfes31mQd7HwUNOKA","TL1_VfD4h8bUyXdrstR4btiWZPhpGgg4k6","752e5b0c32f86b1e9f4c02dfe4358c11ac6244c715f89e270f9e68323c2b0b64","1","TriggerSmartContract","31","0","SUCCESS","Transfer","xyz","6","","","0","1","","444","530"
"5372428","-5","1658643272000","42683140","TL3_vOzxmxLWFqbCrASvyroNY8ihaRFA1y","TL4_kxsyrx8U8tKiuECnHQBglQw200pLGW","c7ce7f1c3ad2967824f07a6ab962bc6326e0402d6887a5c9d35d1b34d1482546","1","TriggerSmartContract","31","0","SUCCESS","Transfer","xyz","6","","","0","1","","481","569"
"17992108971","-5","1658643372000","42683141","TL2_Bv09ezcTdU6daGBiMXPD53dmS1Jh66","TL3_8I1foqYajoqc28ak9vRQZwL93xMVzl","1e4d3a761ab9b10316dd577d144b9f63bfd02799f2678e925b10d05007f4e252","1","TriggerSmartContract","31","0","SUCCESS","Transfer","xyz","6","","","0","1","","71","993"
"15005409793","-5","1658643472000","42683142","TL4_ZvCZIWtX1UzEjqsu4MQFKE400WQZvs","TL5_y9rFBWMLdtmadVvzWTsGo6DltyVbKV","855f0b0021a62ce688922661fa03e50c7eb2bebdc4869ed971870213c47680a1","1","TriggerSmartContract","31","0","SUCCESS","Transfer","xyz","6","","","0","1","","294","762"
"28155841216","-5","1658643572000","42683143","TL2_ER9WRoc3sQjYEo65y8a7fOmj5QwIDV","TL3_ojraCqvyswEfxVcwEmhoqU1de4eGDo","6a3d9343e8843a844995d829fecc5b6123f283a0576100ca57d0b8222dbaaa7b","1","TriggerSmartContract","31","0","SUCCESS","Transfer","xyz","6","","","0","1","","123","906"
"22255823644","-5","1658643672000","42683144","TL4_AbAsVCu8KJI1AYOPk1n35E6YSlyFiW","TL5_UJ2sC8FTzjCugnJhgptTbF0E9lx77s","27880c2dde3dbc74ec5ff32d8fb13749ee3b620a356639da5fa32b300f576934","1","TriggerSmartContract","31","0","SUCCESS","Transfer","xyz","6","","","0","1","","245","921"
"48766308963","-5","1658643772000","42683145","TL0_v7iMG98dBARNHX3ADfdqjJrA07Bb7g","TL1_HCaeQkJOxQoCyhNFRdkhHLxbZGbnfl","1f4783e2494f31e6a193d0dabab0856aa098e60a497c768a216367b010b377e1","1","TriggerSmartContract","31","0","SUCCESS","Transfer","xyz","6","","","0","1","","222","844"
"14957451604","-5","1658643872000","42683146","TL0_v7iMG98dBARNHX3ADfdqjJrA07Bb7g","TL1_HCaeQkJOxQoCyhNFRdkhHLxbZGbnfl","c6fea2c9f7a418ffbbab0c8dc2d847825b774593e23b86a1ade075ed0e0014a2","1","TriggerSmartContract","31","0","SUCCESS","Transfer","xyz","6","","","0","1","","178","805"
"25363931280","-5","1658643972000","42683147","TL2_DiVcIW3ACfZXJp7lWfUwl42MrSQK7M","TL3_n5om1HDQO987aiKMH0LSRKULZfFWe9","e53341fbab09a54513ee1fdbd9ffaa1efcf072bcadc80f22b882992cb78ae9f5","1","TriggerSmartContract","31","0","SUCCESS","Transfer","xyz","6","","","0","1","","243","515"
"25245265891","-5","1658644072000","42683148","TL1_HCaeQkJOxQoCyhNFRdkhHLxbZGbnfl","TL2_JrpCVnYdEEm3pLDvBImppMEQWC47Xc","782314808b2f2a70f9cff3e72e1894230154f580b226f6c32f1e84874628b727","1","TriggerSmartContract","31","0","SUCCESS","Transfer","xyz","6","","","0","1","","324","673"
"38698322719","-5","1658644172000","42683149","TL1_x3NfJwA4riffmafYWeuixveABSDwmd","TL2_tKZV11IffE4K64uaTHbNdPZqc8i33m","01bfd9a45a62c6624cd1ba1621a74af19b361e3431201bd92ccb7fb908a0f76c","1","TriggerSmartContract","31","0","SUCCESS","Transfer","xyz","6","","","0","1","","292","967"
"38781833290","-5","1658644272000","42683150","TL1_USrap094dSP0A2fbpBRN979ck4X47Y","TL2_Ky7EcI91QSBSXoTJIhCejQEieBOVZ4","0d0b8591d18fdbfa67ff8cdb7161b3ef726b6fbe286af729be5a307b165fafe1","1","TriggerSmartContract","31","0","SUCCESS","Transfer","xyz","6","","","0","1","","106","590"
"3806711978","-5","1658644372000","42683151","TL3_GyQQ8usssxG3ax3iGWhKwp04TONSac","TL4_VW0TCxQ5JJvkTAnSYDcvTOj9kSoa4z","8fbc11951bf39b0e6f663e28597acac8cc217817c2b518d180ae60472468c80c","1","TriggerSmartContract","31","0","SUCCESS","Transfer","xyz","6","","","0","1","","328","766"
"15953141028","-5","1658644472000","42683152","TL3_4TTZRMskZR8mYUkAItGx0pRwsqFwzp","TL4_KBFzsI5RRQWJZDZnP5zvcw9dzSbkNy","1c12fd5b4c0a7d9bf49c66783e9917ac1b4e5f46175fbaf23a9e38019b16cffe","1","TriggerSmartContract","31","0","SUCCESS","Transfer","xyz","6","","","0","1","","84","815"
"29161026933","-5","1658644572000","42683153","TL2_WX5eVqRKEd4D8qJcHyRH0xTZ1IeGtd","TL3_rn5fyj5a3PDPOXVlOqzSUtYLhMlYiZ","241eb189246da2f8602dee09f10da6aad9aaad333d1fc20bbdba13a4cdfced0a","1","TriggerSmartContract","31","0","SUCCESS","Transfer","xyz","6","","","0","1","","171","969"
"1707552204","-5","1658644672000","42683154","TL2_97KeDMFPhch9GtHwkuuXbIuKxWd8Fb","TL3_WS3EgwewkkkOaNXsP99M3Zba7UcK5T","c869674667afe97fa5b21078c749f8afbc6cd1d564ef39754cb73d26773252cd","1","TriggerSmartContract","31","0","SUCCESS","Transfer","xyz","6","","","0","1","","306","634"
"5284470528","-5","1658644772000","42683155","TL3_xhpf4FokZfCokzanP1ozDGWJTAkl6o","TL4_tipNwop6pMZUXTaM8t9rRaxF1WKz7R","25b0e2130d7c5981c6fcced8b53c1c51d7793b88f7765b1f98b7774bad803ab3","1","TriggerSmartContract","31","0","SUCCESS","Transfer","xyz","6","","","0","1","","61","924"
"10860572051","-5","1658644872000","42683156","TL1_PcqKlNdet4ghE0X8QflyArEpVEJMNe","TL2_KiQjOWGPigo5c5e6Wm6aJTHt4GaI7t","e7324ff1600c48ddd61585faa56c7ffaae2006e2d61aa8da811cd4348a7225cc","1","TriggerSmartContract","31","0","SUCCESS","Transfer","xyz","6","","","0","1","","375","929"
"10810145054","-5","1658644972000","42683157","TL1_HCaeQkJOxQoCyhNFRdkhHLxbZGbnfl","TL2_JrpCVnYdEEm3pLDvBImppMEQWC47Xc","241e96989b3fdb29fb27daadd6386c2e551fb4bf06aa2e3537c019f4d8462266","1","TriggerSmartContract","31","0","SUCCESS","Transfer","xyz","6","","","0","1","","324","547"
"20863383610","-5","1658645072000","42683158","TL3_ojraCqvyswEfxVcwEmhoqU1de4eGDo","TL4_vRLoLJ8UtHnMdfLBRTeRQ8Njpywwsn","c46392b3029595c91a888e50546adab445a6f56deff828a2362872adc33820e2","1","TriggerSmartContract","31","0","SUCCESS","Transfer","xyz","6","","","0","1","","430","747"
"24315522367","-5","1658645172000","42683159","TL0_v7iMG98dBARNHX3ADfdqjJrA07Bb7g","TL1_HCaeQkJOxQoCyhNFRdkhHLxbZGbnfl","af04ed0221cef607840c80806ab763513464c9671040c3f7cc1fe13230794c97","1","TriggerSmartContract","31","0","SUCCESS","Transfer","xyz","6","","","0","1","","383","934"
"3953513059","-5","1658645272000","42683160","TL1_FZmAxOTkGq0M3ZRf9yIxwTOhr09xnb","TL2_plRFT77Ak9CZ13W0MEZKXV30XhwKAi","bb863cc40ce3d87238c499354cfe528c5d3d6201a5e85ec49a77da2b21e81693","1","TriggerSmartContract","31","0","SUCCESS","Transfer","xyz","6","","","0","1","","464","760"
"4801926692","-5","1658645372000","42683161","TL3_71uqKaxZQApGGLB4rQCMBK6ercZ41r","TL4_AbAsVCu8KJI1AYOPk1n35E6YSlyFiW","a75c76ef8c1940cda04943b7fee9f7ff69fcaf80d43f8cdd293072dac5195a59","1","TriggerSmartContract","31","0","SUCCESS","Transfer","xyz","6","","","0","1","","57","949"
"33976911366","-5","1658645472000","42683162","TL1_EsrtUnJPucMUH59GU0GC2EBp22DbF8","TL2_GvJSCMjlXgOkTBjoxC5qVT5RpR6ckl","718a15a1e9d62e91b42696e77ed9c9bc91706af639a2f32702b12d9b4858918b","1","TriggerSmartContract","31","0","SUCCESS","Transfer","xyz","6","","","0","1","","202","563"
"33959834046","-5","1658645572000","42683163","TL2_ApeXZAQBP8SpUzUtIejSZTlRD5ZI6F","TL3_8I1foqYajoqc28ak9vRQZwL93xMVzl","3744b05c202b03f1bdc47f061007caf369df02b9bbab39f817400a9ce2517086","1","TriggerSmartContract","31","0","SUCCESS","Transfer","xyz","6","","","0","1","","316","826"
"22562219112","-5","1658645672000","42683164","TL1_5FuqPHn4fJVcIzFEZNvDvRfZ3Tl9iD","TL2_plRFT77Ak9CZ13W0MEZKXV30XhwKAi","ff98c40bfdbda448b69292477f789166e47751a83586947cd2fd16a6793cc27f","1","TriggerSmartContract","31","0","SUCCESS","Transfer","xyz","6","","","0","1","","472","657"
"30892530401","-5","1658645772000","42683165","TL3_WS3EgwewkkkOaNXsP99M3Zba7UcK5T","TL4_aJXjeDQQuTDs3GwLmPpb1yBgLDfngo","04e06387f441a36164fc5f5745ab5d240914e12345180e351a59315af393c612","1","TriggerSmartContract","31","0","SUCCESS","Transfer","xyz","6","","","0","1","","364","796"
"46581260457","-5","1658645872000","42683166","TL4_KBFzsI5RRQWJZDZnP5zvcw9dzSbkNy","TL5_hiIp6n8QyrqpEziFXFKcn6GL0koxPp","7b941c402172c5214464e6d927b21e36e4d8a7cf64af3020a1fe4f07831659b2","1","TriggerSmartContract","31","0","SUCCESS","Transfer","xyz","6","","","0","1","","27","682"
"12121671672","-5","1658645972000","42683167","TL4_3UeDLBRPnDqKI6DQ1yu7yNA1MTACdh","TL5_hiIp6n8QyrqpEziFXFKcn6GL0koxPp","239f9ccca3c9d3faf8574a4a4a959b8d71801d61b725853920530845e6b82273","1","TriggerSmartContract","31","0","SUCCESS","Transfer","xyz","6","","","0","1","","271","803"
"39214673693","-5","1658646072000","42683168","TL3_8I1foqYajoqc28ak9vRQZwL93xMVzl","TL4_VW0TCxQ5JJvkTAnSYDcvTOj9kSoa4z","4b14b1ff0fb381f074024e9a1ee080cdbed88a2df2d05fc9cf2ab93b966153ab","1","TriggerSmartContract","31","0","SUCCESS","Transfer","xyz","6","","","0","1","","42","903"
"29314535986","-5","1658646172000","42683169","TL4_3UeDLBRPnDqKI6DQ1yu7yNA1MTACdh","TL5_EAqXtPd5gWMyYyLJF51AmjRNxU6PzM","513adc3e6e397fea0383df8953bab306fae853a3218e78ea7b390b868e63f609","1","TriggerSmartContract","31","0","SUCCESS","Transfer","xyz","6","","","0","1","","260","633"
"35014524456","-5","1658646272000","42683170","TL2_DiVcIW3ACfZXJp7lWfUwl42MrSQK7M","TL3_nW40NdboHbBmNL2ffVgjSeAcozeOY5","e3a55f3a5f9d6bd5e82b46b4d434e09ce274357f48b2317be7b2cdf89e6d0c35","1","TriggerSmartContract","31","0","SUCCESS","Transfer","xyz","6","","","0","1","","352","621"
"49869304371","-5","1658646372000","42683171","TL2_97KeDMFPhch9GtHwkuuXbIuKxWd8Fb","TL3_xhpf4FokZfCokzanP1ozDGWJTAkl6o","aa93a76ab0ca2907c486a52170015de6ad22e78ac350d4c42702020bbadc2ee8","1","TriggerSmartContract","31","0","SUCCESS","Transfer","xyz","6","","","0","1","","270","670"
"43233922310","-5","1658646472000","42683172","TL0_m1HG4p1UO1vvToY5G5iAyLzXC5zmlx","TL1_x3NfJwA4riffmafYWeuixveABSDwmd","54e6e75b674e126e356e08f49264017289701ae6b47069ffb58d2f1f90bc1f85","1","TriggerSmartContract","31","0","SUCCESS","Transfer","xyz","6","","","0","1","","475","795"
"32136903128","-5","1658646572000","42683173","TL0_iMF3oRaX5T6BX0f06IgJ5JpdQfkDxf","TL1_USrap094dSP0A2fbpBRN979ck4X47Y","bfc39500f6ae409dce23e340bfb911c27020a792d3334587a268dc88322cbfd9","1","TriggerSmartContract","31","0","SUCCESS","Transfer","xyz","6","","","0","1","","167","630"
"46393337564","-5","1658646672000","42683174","TL2_Ky7EcI91QSBSXoTJIhCejQEieBOVZ4","TL3_vOzxmxLWFqbCrASvyroNY8ihaRFA1y","734ddd7421675f8c69f473cf6dd5abfc7256c6d7bc95b7b7e94d0248ab71c7b6","1","TriggerSmartContract","31","0","SUCCESS","Transfer","xyz","6","","","0","1","","160","974"
"15448402420","-5","1658646772000","42683175","TL3_8I1foqYajoqc28ak9vRQZwL93xMVzl","TL4_kxsyrx8U8tKiuECnHQBglQw200pLGW","6868e253ac027102b3519f842534d7360d9f6ba43d38bfef269b789fd461ef7c","1","TriggerSmartContract","31","0","SUCCESS","Transfer","xyz","6","","","0","1","","486","997"
"30893131794","-5","1658646872000","42683176","TL2_ApeXZAQBP8SpUzUtIejSZTlRD5ZI6F","TL3_n5om1HDQO987aiKMH0LSRKULZfFWe9","a41d68402e823932c1fdd5d93b45b159cbf5cb3966afba3610874069313194b4","1","TriggerSmartContract","31","0","SUCCESS","Transfer","xyz","6","","","0","1","","18","503"
"9891934098","-5","1658646972000","42683177","TL3_vOzxmxLWFqbCrASvyroNY8ihaRFA1y","TL4_gHmECSZgADu6c4XUkYjwcYXXUi6hdE","71b81d764e9579f872d791870d2904375da5610f27424195b33ee2fcde3fb418","1","TriggerSmartContract","31","0","SUCCESS","Transfer","xyz","6","","","0","1","","241","620"
"20510120928","-5","1658647072000","42683178","TL1_EsrtUnJPucMUH59GU0GC2EBp22DbF8","TL2_53eA6WSKWbtFEitI7YYf8DUPlKClMn","a7ffb1fa68a592fa36acf6a287da1665c01fb23bf3d7c316630dbee79d6f98e9","1","TriggerSmartContract","31","0","SUCCESS","Transfer","xyz","6","","","0","1","","120","824"
"32538666386","-5","1658647172000","42683179","TL4_CnUx2xZlk28Eo4TvJykVjvzKrfgVmO","TL5_cjFA5wnEyo91hDmf5PiHCNZ7yKGpS6","15fc69d3eb33f31a7ff10e5713f9fc08517648a58c27237fa6b5345480f388f5","1","TriggerSmartContract","31","0","SUCCESS","Transfer","xyz","6","","","0","1","","435","691"
"21374726568","-5","1658647272000","42683180","TL4_kxsyrx8U8tKiuECnHQBglQw200pLGW","TL5_12DGOLPegW41V3liFY7slhUBbURNO9","0a667b02a5b6c755eb970bbefcab9b73c24ffd46411844b4ab5f12d90c972c05","1","TriggerSmartContract","31","0","SUCCESS","Transfer","xyz","6","","","0","1","","257","645"
"6619439034","-5","1658647372000","42683181","TL2_WX5eVqRKEd4D8qJcHyRH0xTZ1IeGtd","TL3_l3b2LqtcekDHFGtxtyWUDELPvxCuW2","6f307f1808db8b0628fbcb333619c0cd63a19eb14cb7ca2e301d34f02c15411e","1","TriggerSmartContract","31","0","SUCCESS","Transfer","xyz","6","","","0","1","","354","824"
"15547313316","-5","1658647472000","42683182","TL3_BzwXtvwR2HDoI9lp0SXLZJy66Pk545","TL4_AbAsVCu8KJI1AYOPk1n35E6YSlyFiW","3a0b7208360dce95e08562d3126c83a10a9943d06c6d8907d2a4c7fa26b5504d","1","TriggerSmartContract","31","0","SUCCESS","Transfer","xyz","6","","","0","1","","66","848"
"30346480083","-5","1658647572000","42683183","TL3_ojraCqvyswEfxVcwEmhoqU1de4eGDo","TL4_ZvCZIWtX1UzEjqsu4MQFKE400WQZvs","69b92e67fa2f01d8821ea79f18e18225cd648b072154de3a6f97d4016d4ceca3","1","TriggerSmartContract","31","0","SUCCESS","Transfer","xyz","6","","","0","1","","418","948"
"26791258868","-5","1658647672000","42683184","TL1_FZmAxOTkGq0M3ZRf9yIxwTOhr09xnb","TL2_6yCq6qFzdBg7XAcc2MTZay6tgrFZpE","a1806179b4e53d9a3bf6d8e82f08178979be311971f532111a0960a86b744ec8","1","TriggerSmartContract","31","0","SUCCESS","Transfer","xyz","6","","","0","1","","343","600"
"24762542670","-5","1658647772000","42683185","TL4_kxsyrx8U8tKiuECnHQBglQw200pLGW","TL5_YAdrZI5Sy1LMLIQSSUEmMEQeoiz08Y","5694ae6cee2f9f3232b19d0a585d36635120f6b3b8fe40332db88736fcd79b8a","1","TriggerSmartContract","31","0","SUCCESS","Transfer","xyz","6","","","0","1","","275","694"
"35867082345","-5","1658647872000","42683186","TL1_cAhrd4mck9SZCfEmUr3Y3ZmPLbs4J1","TL2_plRFT77Ak9CZ13W0MEZKXV30XhwKAi","b34bcf665e7c0718657b7b052ce68995dfe5b6f04a5b1a18fd1d17f3f1b7088f","1","TriggerSmartContract","31","0","SUCCESS","Transfer","xyz","6","","","0","1","","303","652"
"47257469285","-5","1658647972000","42683187","TL4_XwmQehWrkHLszju0R4VQFoqJq8to8t","TL5_RvDjd6V7cV7meGdIKI7O6ZcEMogGdK","f0ba3c31310dcc96f8758b6455705493e7691e38e06e37a1086d326592c5fdb2","1","TriggerSmartContract","31","0","SUCCESS","Transfer","xyz","6","","","0","1","","203","746"
"5339484828","-5","1658648072000","42683188","TL1_EsrtUnJPucMUH59GU0GC2EBp22DbF8","TL2_tiUzYXVBKjVqEcCnLvKoKMZbsQWj7R","835856f0eb57455e064b14964b442f41cff5b9454d72c945bd6b6748c71fd2b3","1","TriggerSmartContract","31","0","SUCCESS","Transfer","xyz","6","","","0","1","","236","540"
"49782652499","-5","1658648172000","42683189","TL2_BWsuLrWVniHeaW8LUTouPCjmBWaSDg","TL3_vOzxmxLWFqbCrASvyroNY8ihaRFA1y","15dca85d492e0613da9c352f25ebbf8ac9b36e75912cccefedf09842e06a284c","1","TriggerSmartContract","31","0","SUCCESS","Transfer","xyz","6","","","0","1","","278","610"
"31169162972","-5","1658648272000","42683190","TL1_bVUrn6C2uLGeY1CAa8wJXXF3GZ8aJp","TL2_tKZV11IffE4K64uaTHbNdPZqc8i33m","8204f0bcfbdaab20f7f6487a56c8acc4d992a47ebcedb6668614bef10b7cea06","1","TriggerSmartContract","31","0","SUCCESS","Transfer","xyz","6","","","0","1","","235","666"
"30182607999","-5","1658648372000","42683191","TL4_XwmQehWrkHLszju0R4VQFoqJq8to8t","TL5_cjFA5wnEyo91hDmf5PiHCNZ7yKGpS6","b9614e2d7cefe64fef622a54f2fd41bd16f5c4967099b31c9a4657a964d9854a","1","TriggerSmartContract","31","0","SUCCESS","Transfer","xyz","6","","","0","1","","168","733"
"22946994497","-5","1658648472000","42683192","TL1_HCaeQkJOxQoCyhNFRdkhHLxbZGbnfl","TL2_tiUzYXVBKjVqEcCnLvKoKMZbsQWj7R","f05a3df52c3c43cffb40318923211f2b312d3482656d7a2dd29fa90468a38584","1","TriggerSmartContract","31","0","SUCCESS","Transfer","xyz","6","","","0","1","","285","708"
"30422228571","-5","1658648572000","42683193","TL2_gViXSgEX773nnQ3pYXlcBwJ4Xr27FJ","TL3_kK4HWVrkVv7wyzEmRsFgsSeLY1KDYV","9c7e85c624e93a386d1ddaacbe3e569b229b9d071d415be8011f7bdeabe380b8","1","TriggerSmartContract","31","0","SUCCESS","Transfer","xyz","6","","","0","1","","388","668"
"13414056921","-5","1658648672000","42683194","TL3_71uqKaxZQApGGLB4rQCMBK6ercZ41r","TL4_ZvCZIWtX1UzEjqsu4MQFKE400WQZvs","6ccb442a451e01cab317e006a1047daf7b7ca7f60292d59ffa203d081d92668f","1","TriggerSmartContract","31","0","SUCCESS","Transfer","xyz","6","","","0","1","","497","909"
"32874801046","-5","1658648772000","42683195","TL3_GyQQ8usssxG3ax3iGWhKwp04TONSac","TL4_AbAsVCu8KJI1AYOPk1n35E6YSlyFiW","fa03a7816b5c23e8d31d9332fa2b30691db0e696d4550011133d510cc7d58fad","1","TriggerSmartContract","31","0","SUCCESS","Transfer","xyz","6","","","0","1","","2","684"
"13389525208","-5","1658648872000","42683196","TL1_1KB6onzAO1EjCyHvtr6mY1xlgsC9QJ","TL2_plRFT77Ak9CZ13W0MEZKXV30XhwKAi","2a6a067ef0167263916d54b81820522c5e5c99ea87fe1f255e9c6c7e321f5b6b","1","TriggerSmartContract","31","0","SUCCESS","Transfer","xyz","6","","","0","1","","7","529"
"43450594106","-5","1658648972000","42683197","TL0_rnp87INqOT9hESBPknZ8xm0pZOvOPX","TL1_VfD4h8bUyXdrstR4btiWZPhpGgg4k6","89636f9fa9e07de8f55b767376a38b188652704eae44c7cfac4bfc51a125a106","1","TriggerSmartContract","31","0","SUCCESS","Transfer","xyz","6","","","0","1","","102","759"
"19297961793","-5","1658649072000","42683198","TL4_gHmECSZgADu6c4XUkYjwcYXXUi6hdE","TL5_y9rFBWMLdtmadVvzWTsGo6DltyVbKV","9e76d72d92e64e094af4e89e0040d53e8167058eebf1f858ec2f078b16233fc4","1","TriggerSmartContract","31","0","SUCCESS","Transfer","xyz","6","","","0","1","","61","886"
"21644936591","-5","1658649172000","42683199","TL2_BDMIpWCWhuISMUbPFZJ1tJ5FjXAMGT","TL3_WS3EgwewkkkOaNXsP99M3Zba7UcK5T","cbe3900053728fd2f02f10f17266660009ace444d6c1ffa3df85b3a1e26ee76f","1","TriggerSmartContract","31","0","SUCCESS","Transfer","xyz","6","","","0","1","","381","918"
"9991304749","-5","1658649272000","42683200","TL1_6WrFZvSTfPkYlvIFhF6eyZVdxUSG4H","TL2_JrpCVnYdEEm3pLDvBImppMEQWC47Xc","167fd22861b95d7a721141a3fe525ec59be9f376185fe4759f23a53a9d88c95a","1","TriggerSmartContract","31","0","SUCCESS","Transfer","xyz","6","","","0","1","","9","779"
"28401401368","-5","1658649372000","42683201","TL0_kChf5Gga6bHWT6dQqfLEl707AgDurv","TL1_179hEwOYz45YPSoXjjHlSzxZ17tsih","25267f24a7e13c50a6d5f1d1842cdd5f4a1179a9c0caf77118fc8d326ac03cb1","1","TriggerSmartContract","31","0","SUCCESS","Transfer","xyz","6","","","0","1","","49","652"
"37922539948","-5","1658649472000","42683202","TL0_HGTGmeE7JpqFjoej0jljS1zgutnNBw","TL1_1KB6onzAO1EjCyHvtr6mY1xlgsC9QJ","05f05c29de2f27124d041899fd657e30041a9148a230084182fb2e8ce18bdf31","1","TriggerSmartContract","31","0","SUCCESS","Transfer","xyz","6","","","0","1","","445","666"
"14925626941","-5","1658649572000","42683203","TL1_x3NfJwA4riffmafYWeuixveABSDwmd","TL2_97KeDMFPhch9GtHwkuuXbIuKxWd8Fb","1c34ffff13825f87fdb6c13ae11baf36a16d3db49b57bc88b645431e35652f33","1","TriggerSmartContract","31","0","SUCCESS","Transfer","xyz","6","","","0","1","","312","882"
"47752643906","-5","1658649672000","42683204","TL3_WS3EgwewkkkOaNXsP99M3Zba7UcK5T","TL4_kxsyrx8U8tKiuECnHQBglQw200pLGW","a8220d6bab34c6672fe5de9c3d2ddc3952cac1904265753b3531e8f89053a905","1","TriggerSmartContract","31","0","SUCCESS","Transfer","xyz","6","","","0","1","","235","965"
"6335605913","-5","1658649772000","42683205","TL4_vRLoLJ8UtHnMdfLBRTeRQ8Njpywwsn","TL5_7uwku1ryKfIXoMlRjuKXCkWtY52U4G","bc76148c8bc9c75ab09452e78f6393dfbf631a09f3fb08566684d4288f47e879","1","TriggerSmartContract","31","0","SUCCESS","Transfer","xyz","6","","","0","1","","340","997"
"29353529278","-5","1658649872000","42683206","TL4_uN3W0hFXmfEaybXpjHesbNSi5xJZSp","TL5_y9rFBWMLdtmadVvzWTsGo6DltyVbKV","6c2631fe7d2e54b99379ebdfc4cb0fe4fdbd3f899fec3a3aac446d97cf4c8420","1","TriggerSmartContract","31","0","SUCCESS","Transfer","xyz","6","","","0","1","","491","645"
"9386443856","-5","1658649972000","42683207","TL4_AbKZGsHLjzj7ZoG6g7xWjXxw3eYJFs","TL5_RvDjd6V7cV7meGdIKI7O6ZcEMogGdK","6177a730be0f7289f612c55c416c19d997c34443315441d282d176bf740ce89d","1","TriggerSmartContract","31","0","SUCCESS","Transfer","xyz","6","","","0","1","","35","947"
"18290390003","-5","1658650072000","42683208","TL3_kK4HWVrkVv7wyzEmRsFgsSeLY1KDYV","TL4_3UeDLBRPnDqKI6DQ1yu7yNA1MTACdh","fcd6d0a2367423846cfc18524940704d7438dc088791fafaac50c4071194ef54","1","TriggerSmartContract","31","0","SUCCESS","Transfer","xyz","6","","","0","1","","481","850"
"32771087481","-5","1658650172000","42683209","TL4_Mu6wKFxdp7dqlFAE8GkX8Hqv0VMWHT","TL5_YAdrZI5Sy1LMLIQSSUEmMEQeoiz08Y","08e4715e2e2986628bd7d1194c2acab4bb38a57e833e0fde4c577ca720531d3f","1","TriggerSmartContract","31","0","SUCCESS","Transfer","xyz","6","","","0","1","","333","927"
"28745032811","-5","1658650272000","42683210","TL0_rnp87INqOT9hESBPknZ8xm0pZOvOPX","TL1_179hEwOYz45YPSoXjjHlSzxZ17tsih","0b2cca7994558f6f7a411fcbe24ce491399c57ca8bcb181929a2a8c66b99fd2e","1","TriggerSmartContract","31","0","SUCCESS","Transfer","xyz","6","","","0","1","","248","768"
"42434392694","-5","1658650372000","42683211","TL3_4TTZRMskZR8mYUkAItGx0pRwsqFwzp","TL4_XwmQehWrkHLszju0R4VQFoqJq8to8t","98e95270e652ecb141c77adeb9a7ff46db7e98011f1361928835b194913c2306","1","TriggerSmartContract","31","0","SUCCESS","Transfer","xyz","6","","","0","1","","87","659"
"11403101797","-5","1658650472000","42683212","TL1_USrap094dSP0A2fbpBRN979ck4X47Y","TL2_tiUzYXVBKjVqEcCnLvKoKMZbsQWj7R","72cc9095791f3fd085405dd1c136f4c71a50a0064add7a791dc8f6de2a59d612","1","TriggerSmartContract","31","0","SUCCESS","Transfer","xyz","6","","","0","1","","495","791"
"27157945984","-5","1658650572000","42683213","TL1_IKFK0VqP6dTrXhtevphRJUTmko95Om","TL2_BWsuLrWVniHeaW8LUTouPCjmBWaSDg","7d71a1a2edee5ed6dd4e616a96d70912bd97c2d41f187e9847faf3d1c231a18c","1","TriggerSmartContract","31","0","SUCCESS","Transfer","xyz","6","","","0","1","","260","549"
"49281889366","-5","1658650672000","42683214","TL4_VW0TCxQ5JJvkTAnSYDcvTOj9kSoa4z","TL5_EAqXtPd5gWMyYyLJF51AmjRNxU6PzM","a675662049703ed4d13c8ec0658c52c9e98a70d3dc10846a37ca5ed41049c6b1","1","TriggerSmartContract","31","0","SUCCESS","Transfer","xyz","6","","","0","1","","404","628"
"27871055075","-5","1658650772000","42683215","TL4_kxsyrx8U8tKiuECnHQBglQw200pLGW","TL5_RvDjd6V7cV7meGdIKI7O6ZcEMogGdK","b9ca2da2cd58f2a64cc13e7c5e63b472b44bca3171db05dccaffc1c125ff0f48","1","TriggerSmartContract","31","0","SUCCESS","Transfer","xyz","6","","","0","1","","218","916"
"2289069076","-5","1658650872000","42683216","TL2_ER9WRoc3sQjYEo65y8a7fOmj5QwIDV","TL3_8I1foqYajoqc28ak9vRQZwL93xMVzl","1d707e63b97457fe0eb31b49c798245161676ea34fc16317f11eb81e13d4e957","1","TriggerSmartContract","31","0","SUCCESS","Transfer","xyz","6","","","0","1","","339","713"
"29510391546","-5","1658650972000","42683217","TL0_iMF3oRaX5T6BX0f06IgJ5JpdQfkDxf","TL1_HCaeQkJOxQoCyhNFRdkhHLxbZGbnfl","a507886a4e6bfd50d73523b16beeffec8a83dde350442c4bcb02d192de767309","1","TriggerSmartContract","31","0","SUCCESS","Transfer","xyz","6","","","0","1","","395","962"
"33443696608","-5","1658651072000","42683218","TL1_VfD4h8bUyXdrstR4btiWZPhpGgg4k6","TL2_BWsuLrWVniHeaW8LUTouPCjmBWaSDg","514465421909c7690adaee23ae8f0ad98f87bc810e900762a4be2881f48d295a","1","TriggerSmartContract","31","0","SUCCESS","Transfer","xyz","6","","","0","1","","450","965"
"22355618785","-5","1658651172000","42683219","TL2_gViXSgEX773nnQ3pYXlcBwJ4Xr27FJ","TL3_l3b2LqtcekDHFGtxtyWUDELPvxCuW2","c3ca73df1eb5067b1b4ab19e931b4d0ee9e752d046d9f24eee0b7a016a954a7d","1","TriggerSmartContract","31","0","SUCCESS","Transfer","xyz","6","","","0","1","","82","536"
"21819303057","-5","1658651272000","42683220","TL3_RXQ9RH0C9jgW9mObYejFu3yGD3qHhe","TL4_3UeDLBRPnDqKI6DQ1yu7yNA1MTACdh","dd1ba0616698dbc9afb214cb8443a3cc719ff19e5f67a9950c8c008598a3660d","1","TriggerSmartContract","31","0","SUCCESS","Transfer","xyz","6","","","0","1","","499","604"
"40446895043","-5","1658651372000","42683221","TL0_dNNxGENHilYNxaLDX1ZGAOdpsX6mBl","TL1_HCaeQkJOxQoCyhNFRdkhHLxbZGbnfl","021f6e2b589a49bc5fc7ef990a38284c4d13f9408ee04e5004cf1c593d32c079","1","TriggerSmartContract","31","0","SUCCESS","Transfer","xyz","6","","","0","1","","10","501"
"3796846695","-5","1658651472000","42683222","TL3_xhpf4FokZfCokzanP1ozDGWJTAkl6o","TL4_uN3W0hFXmfEaybXpjHesbNSi5xJZSp","70ac168e72cfc1b9ac3a7a50120f710e7faacfdf7bed1b667bd786ce9cb6f9f0","1","TriggerSmartContract","31","0","SUCCESS","Transfer","xyz","6","","","0","1","","42","708"
"46989178805","-5","1658651572000","42683223","TL3_xhpf4FokZfCokzanP1ozDGWJTAkl6o","TL4_KBFzsI5RRQWJZDZnP5zvcw9dzSbkNy","4b36183eae73867d951324b2cb0b7087fe52c5c04cc1f833f86edbeccdb6b8e6","1","TriggerSmartContract","31","0","SUCCESS","Transfer","xyz","6","","","0","1","","176","572"
"26753076690","-5","1658651672000","42683224","TL3_71uqKaxZQApGGLB4rQCMBK6ercZ41r","TL4_ZvCZIWtX1UzEjqsu4MQFKE400WQZvs","1b47a513187c2f07d75829a591a88627cf949b602d3a1cff3aaf56a8eb09ca6e","1","TriggerSmartContract","31","0","SUCCESS","Transfer","xyz","6","","","0","1","","51","635"
"33241852240","-5","1658651772000","42683225","TL0_vaosEXnWjQOnfHhhLSspNQQxhU8dCQ","TL1_6WrFZvSTfPkYlvIFhF6eyZVdxUSG4H","a66cc591ec9028a4b099779103d305b0b4560740be4187ce79147f7d562abcac","1","TriggerSmartContract","31","0","SUCCESS","Transfer","xyz","6","","","0","1","","458","906"
"16025254011","-5","1658651872000","42683226","TL1_x3NfJwA4riffmafYWeuixveABSDwmd","TL2_53eA6WSKWbtFEitI7YYf8DUPlKClMn","814671db20c0bd95656f077cc3dd35e153f7b8717137112244d6c99b001a0f90","1","TriggerSmartContract","31","0","SUCCESS","Transfer","xyz","6","","","0","1","","344","895"
"12155216575","-5","1658651972000","42683227","TL4_XcHUYt5TEH6ZuUneVzWQXHg5jmPuvp","TL5_EAqXtPd5gWMyYyLJF51AmjRNxU6PzM","7d29815be1cd9aca81b68234e3e6b19fae824f6e2d9c559132f9d1d8223d133c","1","TriggerSmartContract","31","0","SUCCESS","Transfer","xyz","6","","","0","1","","70","974"
"12300997188","-5","1658652072000","42683228","TL2_gViXSgEX773nnQ3pYXlcBwJ4Xr27FJ","TL3_kK4HWVrkVv7wyzEmRsFgsSeLY1KDYV","17dfc8e4406153988dc683d3be8e5770d27babf29dd39ee49e6c32200e7d151e","1","TriggerSmartContract","31","0","SUCCESS","Transfer","xyz","6","","","0","1","","237","590"
"36063836137","-5","1658652172000","42683229","TL4_uN3W0hFXmfEaybXpjHesbNSi5xJZSp","TL5_Hm02PXoLObpPocHp6vjBmJ3lSRVB74","41e2ef44689a110415543a2a2e9bb2010aab85c4cfaac28c676efeba3a0340f2","1","TriggerSmartContract","31","0","SUCCESS","Transfer","xyz","6","","","0","1","","17","851"
"33836625702","-5","1658652272000","42683230","TL4_AbKZGsHLjzj7ZoG6g7xWjXxw3eYJFs","TL5_YAdrZI5Sy1LMLIQSSUEmMEQeoiz08Y","b111a1bd8f0ee797b9d78ffb9f8856199986ab179806ebf5e164a837bb299ff3","1","TriggerSmartContract","31","0","SUCCESS","Transfer","xyz","6","","","0","1","","377","523"
"19864158805","-5","1658652372000","42683231","TL3_vOzxmxLWFqbCrASvyroNY8ihaRFA1y","TL4_VW0TCxQ5JJvkTAnSYDcvTOj9kSoa4z","0d3b83c204663953cf92d36b109503f04cdf19c3bcc4c678599f92f4f951be5a","1","TriggerSmartContract","31","0","SUCCESS","Transfer","xyz","6","","","0","1","","413","969"
"18556252887","-5","1658652472000","42683232","TL0_m1HG4p1UO1vvToY5G5iAyLzXC5zmlx","TL1_sA88V1iQXNZN9Q1W9J1BK3xTnoXSP8","893be95c16d300338581a9b3730a808431d35320d70158fab5f054b9d9e77adf","1","TriggerSmartContract","31","0","SUCCESS","Transfer","xyz","6","","","0","1","","486","530"
"38581988477","-5","1658652572000","42683233","TL2_KiQjOWGPigo5c5e6Wm6aJTHt4GaI7t","TL3_nW40NdboHbBmNL2ffVgjSeAcozeOY5","78d20ab1ad093482b2b1e84656df7a9f1115920fbce0bc914146224716284d7a","1","TriggerSmartContract","31","0","SUCCESS","Transfer","xyz","6","","","0","1","","142","748"
"28689944068","-5","1658652672000","42683234","TL1_VfD4h8bUyXdrstR4btiWZPhpGgg4k6","TL2_plRFT77Ak9CZ13W0MEZKXV30XhwKAi","56d3707cfd48cdc3ccebc7976043e0347584afb0a062d7d21b92402624328588","1","TriggerSmartContract","31","0","SUCCESS","Transfer","xyz","6","","","0","1","","440","970"
"14338270878","-5","1658652772000","42683235","TL2_plRFT77Ak9CZ13W0MEZKXV30XhwKAi","TL3_RXQ9RH0C9jgW9mObYejFu3yGD3qHhe","ca326440db7a5b78ffdd62ca51c76a11e7c80257054ff3b9f04f418dfc62ff54","1","TriggerSmartContract","31","0","SUCCESS","Transfer","xyz","6","","","0","1","","219","934"
"45379294857","-5","1658652872000","42683236","TL1_EsrtUnJPucMUH59GU0GC2EBp22DbF8","TL2_97KeDMFPhch9GtHwkuuXbIuKxWd8Fb","264a1fc123887a8950eae1998b544fe74438299c78851437fd1ad5925035c228","1","TriggerSmartContract","31","0","SUCCESS","Transfer","xyz","6","","","0","1","","426","653"
"47253596789","-5","1658652972000","42683237","TL2_Bv09ezcTdU6daGBiMXPD53dmS1Jh66","TL3_xhpf4FokZfCokzanP1ozDGWJTAkl6o","203e8a4ae874d5862f912ece22839fd1e9f5eaca40be1a6e49a9cefc87550c14","1","TriggerSmartContract","31","0","SUCCESS","Transfer","xyz","6","","","0","1","","415","522"
"29594338046","-5","1658653072000","42683238","TL0_VR733hBdsRSMzHPGHzIcE2Jj1E6gLM","TL1_latjpyDDXmOa54jmpMtGehNZ5g6zjx","4c828b77f01067e1d856bb81e33f378b9de6dbe38c102538af98bb418570fe72","1","TriggerSmartContract","31","0","SUCCESS","Transfer","xyz","6","","","0","1","","494","893"
"3161154226","-5","1658653172000","42683239","TL2_ApeXZAQBP8SpUzUtIejSZTlRD5ZI6F","TL3_GyQQ8usssxG3ax3iGWhKwp04TONSac","bd3ef8fc1451f2280e7ee85003fb2ac03c67cefbef9c7c8f5572f7be33659acf","1","TriggerSmartContract","31","0","SUCCESS","Transfer","xyz","6","","","0","1","","148","818"
"11646264844","-5","1658653272000","42683240","TL4_aJXjeDQQuTDs3GwLmPpb1yBgLDfngo","TL5_YAdrZI5Sy1LMLIQSSUEmMEQeoiz08Y","f122063e60a66f1b0b3b64619c5985676829bde5a6b2cce0afa532fc1b405961","1","TriggerSmartContract","31","0","SUCCESS","Transfer","xyz","6","","","0","1","","366","509"
"12571695436","-5","1658653372000","42683241","TL1_xMH0GYoyXNLNLRhlLtwSUtl9x8PHUh","TL2_tiUzYXVBKjVqEcCnLvKoKMZbsQWj7R","7a56954e59df06a5c621b63bd9fec8c6f1f2c7b4a963bf46d50e6af1ed0cfc23","1","TriggerSmartContract","31","0","SUCCESS","Transfer","xyz","6","","","0","1","","426","938"
"24032448902","-5","1658653472000","42683242","TL4_VW0TCxQ5JJvkTAnSYDcvTOj9kSoa4z","TL5_9zKXbgWQKbnK3yiKla0DWkHesBKNiU","c4a6c87c87eaff436948a7d48d0cf349dd8ab8d125391d89d3824b153f25da3e","1","TriggerSmartContract","31","0","SUCCESS","Transfer","xyz","6","","","0","1","","491","956"
"10317474166","-5","1658653572000","42683243","TL1_FZmAxOTkGq0M3ZRf9yIxwTOhr09xnb","TL2_tKZV11IffE4K64uaTHbNdPZqc8i33m","03ea66f1871076807042efb09cb90b0296de4cb7bcbe02fcab8404c722cb688d","1","TriggerSmartContract","31","0","SUCCESS","Transfer","xyz","6","","","0","1","","307","612"
"8224872243","-5","1658653672000","42683244","TL3_4TTZRMskZR8mYUkAItGx0pRwsqFwzp","TL4_uN3W0hFXmfEaybXpjHesbNSi5xJZSp","b6e9dfe8b3d4a7991720a07efad9e7c634f81a684c911b9ad7311d19e0ef9103","1","TriggerSmartContract","31","0","SUCCESS","Transfer","xyz","6","","","0","1","","162","675"
"17260916382","-5","1658653772000","42683245","TL3_GyQQ8usssxG3ax3iGWhKwp04TONSac","TL4_gHmECSZgADu6c4XUkYjwcYXXUi6hdE","54b3d0287147880f134dd79eb082210f91c0f6b5eb15ac3f4d0f96c9a0d51f9d","1","TriggerSmartContract","31","0","SUCCESS","Transfer","xyz","6","","","0","1","","322","536"
"10650717545","-5","1658653872000","42683246","TL4_Mu6wKFxdp7dqlFAE8GkX8Hqv0VMWHT","TL5_9zKXbgWQKbnK3yiKla0DWkHesBKNiU","f297e43ff387e119b0aa2a3ad327d0d05712691aa7300ec661a46cbde3c3e7c5","1","TriggerSmartContract","31","0","SUCCESS","Transfer","xyz","6","","","0","1","","74","996"
"4624878688","-5","1658653972000","42683247","TL0_vaosEXnWjQOnfHhhLSspNQQxhU8dCQ","TL1_cAhrd4mck9SZCfEmUr3Y3ZmPLbs4J1","02c949084aea993c5b7eb472fff8184abd2f51c9ef3268a17fdf13508186199e","1","TriggerSmartContract","31","0","SUCCESS","Transfer","xyz","6","","","0","1","","351","732"
"33915535162","-5","1658654072000","42683248","TL4_ZvCZIWtX1UzEjqsu4MQFKE400WQZvs","TL5_EAqXtPd5gWMyYyLJF51AmjRNxU6PzM","23da4f30aff565571b84047dc31d265d4d02cd0cb6ea701a31f798bc325151f3","1","TriggerSmartContract","31","0","SUCCESS","Transfer","xyz","6","","","0","1","","320","990"
"2030428655","-5","1658654172000","42683249","TL4_3UeDLBRPnDqKI6DQ1yu7yNA1MTACdh","TL5_YAdrZI5Sy1LMLIQSSUEmMEQeoiz08Y","c416d5f9539c61207169ea1d7273f67f1396679a021d82df96858efc32f9ce92","1","TriggerSmartContract","31","0","SUCCESS","Transfer","xyz","6","","","0","1","","14","760"
"48714545139","-5","1658654272000","42683250","TL2_JrpCVnYdEEm3pLDvBImppMEQWC47Xc","TL3_kK4HWVrkVv7wyzEmRsFgsSeLY1KDYV","2eeb730a2c3a9184fdf896009ffd16c6af81c2564c98d27883c15c9ca089f2aa","1","TriggerSmartContract","31","0","SUCCESS","Transfer","xyz","6","","","0","1","","14","621"
"3620313340","-5","1658654372000","42683251","TL3_ojraCqvyswEfxVcwEmhoqU1de4eGDo","TL4_tipNwop6pMZUXTaM8t9rRaxF1WKz7R","bc3be2e1709e5478bfb1548b411e628121343bcf484f0625a730253ff172a5b4","1","TriggerSmartContract","31","0","SUCCESS","Transfer","xyz","6","","","0","1","","298","538"
"5913697449","-5","1658654472000","42683252","TL4_3UeDLBRPnDqKI6DQ1yu7yNA1MTACdh","TL5_VkLmQloXv4tKeS5FR2t2XEXijLonXG","36e8e13f2dead91eaa6d5a386af122e9d3ec18ca7edfacef843d75b78c851220","1","TriggerSmartContract","31","0","SUCCESS","Transfer","xyz","6","","","0","1","","143","765"
"20092928321","-5","1658654572000","42683253","TL4_Mu6wKFxdp7dqlFAE8GkX8Hqv0VMWHT","TL5_9zKXbgWQKbnK3yiKla0DWkHesBKNiU","649bf0133326f405efa2c5bd00ec4c11d0eeb8259078cb4921b8af6c14cf8e6b","1","TriggerSmartContract","31","0","SUCCESS","Transfer","xyz","6","","","0","1","","146","697"
"13540285244","-5","1658654672000","42683254","TL4_kxsyrx8U8tKiuECnHQBglQw200pLGW","TL5_Emuhu5q9fJfUjAtptQKUNEFQDRjWn9","2d3530b0e54fc6b8f101705ede2b283ad8cbe31b6dd3f4d1c1f120a71f0cc770","1","TriggerSmartContract","31","0","SUCCESS","Transfer","xyz","6","","","0","1","","346","696"
"42813445990","-5","1658654772000","42683255","TL1_1KB6onzAO1EjCyHvtr6mY1xlgsC9QJ","TL2_KiQjOWGPigo5c5e6Wm6aJTHt4GaI7t","92436b91cfd33405145add83a5557544593a4999fdbe35773878f76e732b4980","1","TriggerSmartContract","31","0","SUCCESS","Transfer","xyz","6","","","0","1","","367","737"
"49704284651","-5","1658654872000","42683256","TL0_iMF3oRaX5T6BX0f06IgJ5JpdQfkDxf","TL1_179hEwOYz45YPSoXjjHlSzxZ17tsih","5618451b4620ba7f9d6f7e67b679c01f57e135896f5c1135a985b761a6d7967f","1","TriggerSmartContract","31","0","SUCCESS","Transfer","xyz","6","","","0","1","","232","541"
"24169434966","-5","1658654972000","42683257","TL3_PHlKp2OVI7duPLZvJZ2eVC6p3RamTL","TL4_AbKZGsHLjzj7ZoG6g7xWjXxw3eYJFs","8bba7fdbbbe77da7e96f8d76f3e554004ad7f78c4f426653f0e5719369ddedc6","1","TriggerSmartContract","31","0","SUCCESS","Transfer","xyz","6","","","0","1","","385","605"
"7570206819","-5","1658655072000","42683258","TL3_RXQ9RH0C9jgW9mObYejFu3yGD3qHhe","TL4_fLtlECp1Zh2GVrMHEM2l6br6wSSGHq","18c942200a47ea8099e0eeb2cb422a811be2baa60425f37d1b39852519eee21a","1","TriggerSmartContract","31","0","SUCCESS","Transfer","xyz","6","","","0","1","","76","671"
"32157704306","-5","1658655172000","42683259","TL0_vaosEXnWjQOnfHhhLSspNQQxhU8dCQ","TL1_sA88V1iQXNZN9Q1W9J1BK3xTnoXSP8","fd3fb59e573df5c90aeb856773e5a06228e82e58db5c43e74d97dbd0c189ccf5","1","TriggerSmartContract","31","0","SUCCESS","Transfer","xyz","6","","","0","1","","428","732"
"30632732336","-5","1658655272000","42683260","TL0_VR733hBdsRSMzHPGHzIcE2Jj1E6gLM","TL1_HCaeQkJOxQoCyhNFRdkhHLxbZGbnfl","5fe0c9c9c399df08cc25bb85d5d007b1a29f7473404c2b34bfc619667e2ae354","1","TriggerSmartContract","31","0","SUCCESS","Transfer","xyz","6","","","0","1","","144","854"
"42478318170","-5","1658655372000","42683261","TL1_FZmAxOTkGq0M3ZRf9yIxwTOhr09xnb","TL2_XSKacf7btQsHrkxCHMSYue7IVCSiIw","bcf89339843662d2b1efc9c43809171743733995930def3d1f71488d8f72dc03","1","TriggerSmartContract","31","0","SUCCESS","Transfer","xyz","6","","","0","1","","157","910"
"32051670175","-5","1658655472000","42683262","TL1_zrAJlSW3BxWbhzUQBvbE1HVUHxiOYm","TL2_97KeDMFPhch9GtHwkuuXbIuKxWd8Fb","8d6a9c576047554951a66a8a64558eeac86fbb8e0f0b3d8f9162421886db4214","1","TriggerSmartContract","31","0","SUCCESS","Transfer","xyz","6","","","0","1","","489","527"
"26001681153","-5","1658655572000","42683263","TL1_xMH0GYoyXNLNLRhlLtwSUtl9x8PHUh","TL2_KiQjOWGPigo5c5e6Wm6aJTHt4GaI7t","bb990690c1ab89e524e788b5f31f70f9e24f92f2864012948e5edea81ed73bd2","1","TriggerSmartContract","31","0","SUCCESS","Transfer","xyz","6","","","0","1","","285","548"
"1970902370","-5","1658655672000","42683264","TL3_SzTnP2oj6C3s3IPmKr6GhrSTxoqBMW","TL4_uN3W0hFXmfEaybXpjHesbNSi5xJZSp","29aae29bf4102fb59e503852d970545f73f04ee5dcc8088e966412c6a0e600f3","1","TriggerSmartContract","31","0","SUCCESS","Transfer","xyz","6","","","0","1","","348","988"
"49022902386","-5","1658655772000","42683265","TL4_kxsyrx8U8tKiuECnHQBglQw200pLGW","TL5_09ATntxXgLI5BseChRpOXMy9Rrtyop","30e0def5684c607a303942e4d6af536743788d173d4e94fc42ae7646aef01c0d","1","TriggerSmartContract","31","0","SUCCESS","Transfer","xyz","6","","","0","1","","388","777"
"15474030779","-5","1658655872000","42683266","TL4_ZvCZIWtX1UzEjqsu4MQFKE400WQZvs","TL5_0rDI759ND559HhM3TRJtSNyIg1PiHB","f3f9f55d92a4fabb4c591f9f34d248864293119f46af6695097b5ac0de807f28","1","TriggerSmartContract","31","0","SUCCESS","Transfer","xyz","6","","","0","1","","16","678"
"43046785276","-5","1658655972000","42683267","TL0_SFTAEtWzP8jRL2FCESTq50fMxEZg3e","TL1_FZmAxOTkGq0M3ZRf9yIxwTOhr09xnb","59ab70e4eb0d42e2bdcb71c91b070ae061b769ee6fc230da57b74b298b08fff8","1","TriggerSmartContract","31","0","SUCCESS","Transfer","xyz","6","","","0","1","","422","953"
"31933677839","-5","1658656072000","42683268","TL0_9QhFhNnfvCJIUinPzs5JmaLDyfVRGR","TL1_HCaeQkJOxQoCyhNFRdkhHLxbZGbnfl","f3f4768333f8b6c5409bae22a5cd89c1b222e108e76d8c85f82a13bd025efa9c","1","TriggerSmartContract","31","0","SUCCESS","Transfer","xyz","6","","","0","1","","127","536"
"11051877866","-5","1658656172000","42683269","TL1_cAhrd4mck9SZCfEmUr3Y3ZmPLbs4J1","TL2_DiVcIW3ACfZXJp7lWfUwl42MrSQK7M","1997e43ec14d1ca7a85c0e733b1b402438c9bf79c0671c3bf704af807df5af9c","1","TriggerSmartContract","31","0","SUCCESS","Transfer","xyz","6","","","0","1","","489","750"
"34563220509","-5","1658656272000","42683270","TL1_6neunA32FmCeHYF3oTP5nBoi3nvEfm","TL2_GvJSCMjlXgOkTBjoxC5qVT5RpR6ckl","c298a208829b69ed47746fd30f7f495a544a9b347a608a4f800d39010a4ae18f","1","TriggerSmartContract","31","0","SUCCESS","Transfer","xyz","6","","","0","1","","476","778"
"8371614152","-5","1658656372000","42683271","TL2_97KeDMFPhch9GtHwkuuXbIuKxWd8Fb","TL3_kK4HWVrkVv7wyzEmRsFgsSeLY1KDYV","9636f8d84a04e887afaf6364e53eca2a483ea8d9101c4af0143de03328e7474c","1","TriggerSmartContract","31","0","SUCCESS","Transfer","xyz","6","","","0","1","","51","537"
"18193674419","-5","1658656472000","42683272","TL4_ZvCZIWtX1UzEjqsu4MQFKE400WQZvs","TL5_09ATntxXgLI5BseChRpOXMy9Rrtyop","2dc756a81dea4392ac6fef4a5bfa8bf12ffce323c4859b1f3c3c9d4c6835c4c4","1","TriggerSmartContract","31","0","SUCCESS","Transfer","xyz","6","","","0","1","","121","511"
"16116883495","-5","1658656572000","42683273","TL0_m1HG4p1UO1vvToY5G5iAyLzXC5zmlx","TL1_6WrFZvSTfPkYlvIFhF6eyZVdxUSG4H","67dfe91bd84ec6243f5de001c89df5e3fbf3d969fc0832797994ae4f57d60843","1","TriggerSmartContract","31","0","SUCCESS","Transfer","xyz","6","","","0","1","","153","902"
"2526540303","-5","1658656672000","42683274","TL0_k6Z1kmnMZcOpr1Xp59BGbnYn8u80cE","TL1_USrap094dSP0A2fbpBRN979ck4X47Y","b1e0703549e161dd57178bda2594f68a97543829f0158959506cf24f91a3b2f9","1","TriggerSmartContract","31","0","SUCCESS","Transfer","xyz","6","","","0","1","","102","776"
"12514643877","-5","1658656772000","42683275","TL3_rn5fyj5a3PDPOXVlOqzSUtYLhMlYiZ","TL4_3UeDLBRPnDqKI6DQ1yu7yNA1MTACdh","d89f9a781e908b056c113ddfc532fd2101ce5fe9f9d36bd72f28a63e28912d58","1","TriggerSmartContract","31","0","SUCCESS","Transfer","xyz","6","","","0","1","","447","568"
"37191300852","-5","1658656872000","42683276","TL3_rn5fyj5a3PDPOXVlOqzSUtYLhMlYiZ","TL4_AbAsVCu8KJI1AYOPk1n35E6YSlyFiW","159b823b7860a090353a1ff577e93888046a6d676f60ed4dfb7bc877fa5f798e","1","TriggerSmartContract","31","0","SUCCESS","Transfer","xyz","6","","","0","1","","487","929"
"46158094215","-5","1658656972000","42683277","TL1_latjpyDDXmOa54jmpMtGehNZ5g6zjx","TL2_tKZV11IffE4K64uaTHbNdPZqc8i33m","f9f23113631466176a2ec14900dce4e4ccb53dc67e6bc17020acd52beda977ca","1","TriggerSmartContract","31","0","SUCCESS","Transfer","xyz","6","","","0","1","","297","909"
"22755409861","-5","1658657072000","42683278","TL3_2bvvSH8LdoxIAiNQXunFDMsMU8dvUl","TL4_CnUx2xZlk28Eo4TvJykVjvzKrfgVmO","ed4a5bc52614d2a2ff2f26bed3519034c0593e5fe0e47ba037b30de0f247ed8f","1","TriggerSmartContract","31","0","SUCCESS","Transfer","xyz","6","","","0","1","","500","755"
"26113208002","-5","1658657172000","42683279","TL1_x3NfJwA4riffmafYWeuixveABSDwmd","TL2_97KeDMFPhch9GtHwkuuXbIuKxWd8Fb","4a60a1995205db43f4917bf21527347b92b5b2f667b9a50ad3dbf1b7723622dd","1","TriggerSmartContract","31","0","SUCCESS","Transfer","xyz","6","","","0","1","","276","859"
"13377006487","-5","1658657272000","42683280","TL2_gViXSgEX773nnQ3pYXlcBwJ4Xr27FJ","TL3_ojraCqvyswEfxVcwEmhoqU1de4eGDo","2b68b792ab00e35102fe716f8705cc2d1932d7b27fe3152094deb18ac7afd81f","1","TriggerSmartContract","31","0","SUCCESS","Transfer","xyz","6","","","0","1","","454","751"
"11971340952","-5","1658657372000","42683281","TL4_XcHUYt5TEH6ZuUneVzWQXHg5jmPuvp","TL5_12DGOLPegW41V3liFY7slhUBbURNO9","2496c01999c55f9fab72f1b0536df77d22b56067d938fb79fcc972e2694b4ca1","1","TriggerSmartContract","31","0","SUCCESS","Transfer","xyz","6","","","0","1","","133","513"
"17990895022","-5","1658657472000","42683282","TL0_yG9OXG4LxA2Euv6Nzu7VKu6dnFxb6W","TL1_sA88V1iQXNZN9Q1W9J1BK3xTnoXSP8","c420818cb3e8aa00188ab75c5ec59082cc2b9132d8fd595e20869c05bf7c8b80","1","TriggerSmartContract","31","0","SUCCESS","Transfer","xyz","6","","","0","1","","138","684"
"18237204926","-5","1658657572000","42683283","TL1_6WrFZvSTfPkYlvIFhF6eyZVdxUSG4H","TL2_XSKacf7btQsHrkxCHMSYue7IVCSiIw","5f3f9e28fbdd7fb6b21f3b96f997f8bd8ecfc9cbeab3cb99124cdc5674eb27ab","1","TriggerSmartContract","31","0","SUCCESS","Transfer","xyz","6","","","0","1","","47","829"
"23953098461","-5","1658657672000","42683284","TL2_tKZV11IffE4K64uaTHbNdPZqc8i33m","TL3_ojraCqvyswEfxVcwEmhoqU1de4eGDo","7ab13a76322051236c319cc5af6c20da22c23abba79b71ec5e763ed2b9f86fe0","1","TriggerSmartContract","31","0","SUCCESS","Transfer","xyz","6","","","0","1","","204","577"
"47042689122","-5","1658657772000","42683285","TL4_gHmECSZgADu6c4XUkYjwcYXXUi6hdE","TL5_EAqXtPd5gWMyYyLJF51AmjRNxU6PzM","8def78aa00f7de02472ca1a35e7bca406545082c778f2002cd26e6caa947d7ef","1","TriggerSmartContract","31","0","SUCCESS","Transfer","xyz","6","","","0","1","","361","825"
"1406861900","-5","1658657872000","42683286","TL1_HCaeQkJOxQoCyhNFRdkhHLxbZGbnfl","TL2_BWsuLrWVniHeaW8LUTouPCjmBWaSDg","af4cd2002fa40f0201da76fb53ace6007a005e23ec4efb2c7358e245bd3cf6d1","1","TriggerSmartContract","31","0","SUCCESS","Transfer","xyz","6","","","0","1","","286","750"
"36495510007","-5","1658657972000","42683287","TL1_xMH0GYoyXNLNLRhlLtwSUtl9x8PHUh","TL2_gViXSgEX773nnQ3pYXlcBwJ4Xr27FJ","df8fcd1e07f5279832c73725e7869c00aa3ae022d54e33dc5587035b9606922a","1","TriggerSmartContract","31","0","SUCCESS","Transfer","xyz","6","","","0","1","","108","630"
"5628953203","-5","1658658072000","42683288","TL0_HGTGmeE7JpqFjoej0jljS1zgutnNBw","TL1_USrap094dSP0A2fbpBRN979ck4X47Y","64a8c129a141fc8864d60c99006cb8644bdd80f03a3de7ca9e29d8850a524287","1","TriggerSmartContract","31","0","SUCCESS","Transfer","xyz","6","","","0","1","","355","557"
"42842359472","-5","1658658172000","42683289","TL3_n5om1HDQO987aiKMH0LSRKULZfFWe9","TL4_iLNljSLqHDrvy2OJXZ1aAKh1opzbni","9edb63b713d15be3b8e6830a3d9228a78cc9fec64132083d87bd153929773124","1","TriggerSmartContract","31","0","SUCCESS","Transfer","xyz","6","","","0","1","","173","670"
"33797789895","-5","1658658272000","42683290","TL0_VR733hBdsRSMzHPGHzIcE2Jj1E6gLM","TL1_6WrFZvSTfPkYlvIFhF6eyZVdxUSG4H","b89bc35d888835dfe25954b8f5737af0a1cec2da1e30fc88cf29f77c0700bb23","1","TriggerSmartContract","31","0","SUCCESS","Transfer","xyz","6","","","0","1","","493","900"
"35903646233","-5","1658658372000","42683291","TL3_N4P1hg1wJFIx3qGNEHcblKEx7CjznF","TL4_AbKZGsHLjzj7ZoG6g7xWjXxw3eYJFs","314e827f87653e9a8549eb9bb831f2e3e0fe3dcedf5c260cf8d281b6fb70da84","1","TriggerSmartContract","31","0","SUCCESS","Transfer","xyz","6","","","0","1","","56","780"
"24102057595","-5","1658658472000","42683292","TL0_9QhFhNnfvCJIUinPzs5JmaLDyfVRGR","TL1_179hEwOYz45YPSoXjjHlSzxZ17tsih","8ddab15e67164a851817f4548cfa3ddb76fb8f384a24fb540619f1972582923c","1","TriggerSmartContract","31","0","SUCCESS","Transfer","xyz","6","","","0","1","","360","518"
"35825254656","-5","1658658572000","42683293","TL1_USrap094dSP0A2fbpBRN979ck4X47Y","TL2_Ky7EcI91QSBSXoTJIhCejQEieBOVZ4","b210d3487231681bbd0c6d8058cad77743571f99e0ebb1a92ec4db71820eefbe","1","TriggerSmartContract","31","0","SUCCESS","Transfer","xyz","6","","","0","1","","355","956"
"12520662434","-5","1658658672000","42683294","TL0_UIYJAaYSKdRdFPWf6eTEl6c4VBIZ7l","TL1_6WrFZvSTfPkYlvIFhF6eyZVdxUSG4H","bc5ff4e2e466410c03ecda4cf45234c7b5d61ae28a7b0a1ad2b305d720d99c18","1","TriggerSmartContract","31","0","SUCCESS","Transfer","xyz","6","","","0","1","","57","566"
"8681070039","-5","1658658772000","42683295","TL1_zrAJlSW3BxWbhzUQBvbE1HVUHxiOYm","TL2_tKZV11IffE4K64uaTHbNdPZqc8i33m","a68b8ab1fec346a9e64a11eaaec23ce128a1c4f5496d35eba21942351239be72","1","TriggerSmartContract","31","0","SUCCESS","Transfer","xyz","6","","","0","1","","353","976"
"16033005476","-5","1658658872000","42683296","TL1_IKFK0VqP6dTrXhtevphRJUTmko95Om","TL2_gViXSgEX773nnQ3pYXlcBwJ4Xr27FJ","06223b7f6b9e89cd10f76d804288a150296c35491333c7ade951abda0dc94448","1","TriggerSmartContract","31","0","SUCCESS","Transfer","xyz","6","","","0","1","","341","825"
"41712517404","-5","1658658972000","42683297","TL0_9QhFhNnfvCJIUinPzs5JmaLDyfVRGR","TL1_sA88V1iQXNZN9Q1W9J1BK3xTnoXSP8","7c1c0edd59029db26a4e24f991d0817af39938352ed29d32775837c89ed796d1","1","TriggerSmartContract","31","0","SUCCESS","Transfer","xyz","6","","","0","1","","452","831"
"19300054240","-5","1658659072000","42683298","TL1_PcqKlNdet4ghE0X8QflyArEpVEJMNe","TL2_plRFT77Ak9CZ13W0MEZKXV30XhwKAi","f35fb786047c9f50638a13b7b7478f3f0f506709aa461f8426cc7225c77227b5","1","TriggerSmartContract","31","0","SUCCESS","Transfer","xyz","6","","","0","1","","3","620"
"37096565668","-5","1658659172000","42683299","TL1_VfD4h8bUyXdrstR4btiWZPhpGgg4k6","TL2_XSKacf7btQsHrkxCHMSYue7IVCSiIw","f2e49afdb505f7c889a0e6ea128917567f91ffbadef3c01cb92674bf9555fa55","1","TriggerSmartContract","31","0","SUCCESS","Transfer","xyz","6","","","0","1","","294","618"
"3671158927","-5","1658659272000","42683300","TL3_nW40NdboHbBmNL2ffVgjSeAcozeOY5","TL4_AbAsVCu8KJI1AYOPk1n35E6YSlyFiW","56ced2536982bb78eae042edf9187841dee472894f15308144feade6e7ba3385","1","TriggerSmartContract","31","0","SUCCESS","Transfer","xyz","6","","","0","1","","399","581"
"1155851970","-5","1658659372000","42683301","TL3_AcZ19Ox3Omq0t5JGwbJkHXryrvFBCJ","TL4_Mu6wKFxdp7dqlFAE8GkX8Hqv0VMWHT","98bf5f98ad65eec8901a038c9cb4e205378bfa03e345c3c92bb460c89fd9d29b","1","TriggerSmartContract","31","0","SUCCESS","Transfer","xyz","6","","","0","1","","90","694"
"34179908903","-5","1658659472000","42683302","TL0_HGTGmeE7JpqFjoej0jljS1zgutnNBw","TL1_IKFK0VqP6dTrXhtevphRJUTmko95Om","284ce459db77c5db1b5d1524999c87a0a64cba3efb381fabd837f4c4c5b25693","1","TriggerSmartContract","31","0","SUCCESS","Transfer","xyz","6","","","0","1","","292","524"
"36012260957","-5","1658659572000","42683303","TL4_VW0TCxQ5JJvkTAnSYDcvTOj9kSoa4z","TL5_7uwku1ryKfIXoMlRjuKXCkWtY52U4G","8ae068e6530586be6ff9ce31d123643b49d5ea0bff60dbe92adf4e4e85132241","1","TriggerSmartContract","31","0","SUCCESS","Transfer","xyz","6","","","0","1","","242","675"
"44089685152","-5","1658659672000","42683304","TL0_vaosEXnWjQOnfHhhLSspNQQxhU8dCQ","TL1_USrap094dSP0A2fbpBRN979ck4X47Y","b6b6d6d4781edfa53e4c647252ed7d252ae0a31e8c9cc7779beb879f8c253999","1","TriggerSmartContract","31","0","SUCCESS","Transfer","xyz","6","","","0","1","","459","959"
"32791111508","-5","1658659772000","42683305","TL0_SFTAEtWzP8jRL2FCESTq50fMxEZg3e","TL1_1KB6onzAO1EjCyHvtr6mY1xlgsC9QJ","4f044c641ee5b03014fe180b9bd5076f564b97b0d22aa364f9a91000b1e528d4","1","TriggerSmartContract","31","0","SUCCESS","Transfer","xyz","6","","","0","1","","170","594"
"49355940124","-5","1658659872000","42683306","TL4_vRLoLJ8UtHnMdfLBRTeRQ8Njpywwsn","TL5_12DGOLPegW41V3liFY7slhUBbURNO9","039499e4470a5ab51b54e6901def653248de1fb4d04040cb78d8c51f080ab516","1","TriggerSmartContract","31","0","SUCCESS","Transfer","xyz","6","","","0","1","","382","819"
"18044997974","-5","1658659972000","42683307","TL1_cAhrd4mck9SZCfEmUr3Y3ZmPLbs4J1","TL2_Bv09ezcTdU6daGBiMXPD53dmS1Jh66","a54addff76d6150107fe0fb1d6ae2555fb020b85c4798753b7bd14cb9224ea6f","1","TriggerSmartContract","31","0","SUCCESS","Transfer","xyz","6","","","0","1","","40","843"
"12092141920","-5","1658660072000","42683308","TL4_KBFzsI5RRQWJZDZnP5zvcw9dzSbkNy","TL5_Hm02PXoLObpPocHp6vjBmJ3lSRVB74","bf7d3b17c5f8d4ca764c13396bdaeb08173244827f91bc8d5f68b7452f4865ef","1","TriggerSmartContract","31","0","SUCCESS","Transfer","xyz","6","","","0","1","","190","682"
"17369844484","-5","1658660172000","42683309","TL3_ojraCqvyswEfxVcwEmhoqU1de4eGDo","TL4_iLNljSLqHDrvy2OJXZ1aAKh1opzbni","5aebc0e56e3510a5dab4ebdd811fc6fc2aadaa339654e438d9439f405460fba9","1","TriggerSmartContract","31","0","SUCCESS","Transfer","xyz","6","","","0","1","","367","909"
"26691032925","-5","1658660272000","42683310","TL3_nW40NdboHbBmNL2ffVgjSeAcozeOY5","TL4_kxsyrx8U8tKiuECnHQBglQw200pLGW","291fa8de611bdde2c0701e852f1ed78127ca41bb542cd2f08a78a1e944014537","1","TriggerSmartContract","31","0","SUCCESS","Transfer","xyz","6","","","0","1","","141","689"
"45337569495","-5","1658660372000","42683311","TL1_FZmAxOTkGq0M3ZRf9yIxwTOhr09xnb","TL2_KiQjOWGPigo5c5e6Wm6aJTHt4GaI7t","78e522d6681e63f34675d79080c209c3cc18e7457b50f8d92488849946530944","1","TriggerSmartContract","31","0","SUCCESS","Transfer","xyz","6","","","0","1","","250","508"
"29088013472","-5","1658660472000","42683312","TL4_CnUx2xZlk28Eo4TvJykVjvzKrfgVmO","TL5_j6uZTzEKajmJGRj7WIjOvoGronOfd5","6c6c853152e925b58b00465259d85c50603380b835f90c189572c15039f811c6","1","TriggerSmartContract","31","0","SUCCESS","Transfer","xyz","6","","","0","1","","207","934"
"45522602907","-5","1658660572000","42683313","TL1_bVUrn6C2uLGeY1CAa8wJXXF3GZ8aJp","TL2_Bv09ezcTdU6daGBiMXPD53dmS1Jh66","6fa4c1abdc1681994c352f249e7c08d79ae2559454381e064eddb0f6205361b4","1","TriggerSmartContract","31","0","SUCCESS","Transfer","xyz","6","","","0","1","","137","852"
"13103289246","-5","1658660672000","42683314","TL3_71uqKaxZQApGGLB4rQCMBK6ercZ41r","TL4_kxsyrx8U8tKiuECnHQBglQw200pLGW","11625ddb15b4b459fc679736fbde43133e653bf2bfaae2109c158000cb5a75f2","1","TriggerSmartContract","31","0","SUCCESS","Transfer","xyz","6","","","0","1","","487","973"
"13003339488","-5","1658660772000","42683315","TL3_AcZ19Ox3Omq0t5JGwbJkHXryrvFBCJ","TL4_fLtlECp1Zh2GVrMHEM2l6br6wSSGHq","97ad2b60ec54c2cfe2e0a41b4077dadb5a1d9215532ef6ae0313477004810ae1","1","TriggerSmartContract","31","0","SUCCESS","Transfer","xyz","6","","","0","1","","151","851"
"18079337967","-5","1658660872000","42683316","TL0_tGzjrZ4EcEO4cCG8JvIlDtxeyC7fay","TL1_HCaeQkJOxQoCyhNFRdkhHLxbZGbnfl","295f954fab766e275f0c707d59228f6f71a2c3ed90161c4d30b88c3a1aa2d006","1","TriggerSmartContract","31","0","SUCCESS","Transfer","xyz","6","","","0","1","","311","852"
"49186439040","-5","1658660972000","42683317","TL0_rnp87INqOT9hESBPknZ8xm0pZOvOPX","TL1_latjpyDDXmOa54jmpMtGehNZ5g6zjx","440697b0489a5d1ba17515287d5a6489efef66d33a173f701cac679e84188b38","1","TriggerSmartContract","31","0","SUCCESS","Transfer","xyz","6","","","0","1","","1","622"
"28952651268","-5","1658661072000","42683318","TL4_aJXjeDQQuTDs3GwLmPpb1yBgLDfngo","TL5_UJ2sC8FTzjCugnJhgptTbF0E9lx77s","cda3f522178acbfd1c731c9e0656635cb27d083a0c5d2e6c7f9b5514cb420603","1","TriggerSmartContract","31","0","SUCCESS","Transfer","xyz","6","","","0","1","","159","747"
"14865717290","-5","1658661172000","42683319","TL1_zrAJlSW3BxWbhzUQBvbE1HVUHxiOYm","TL2_GvJSCMjlXgOkTBjoxC5qVT5RpR6ckl","73bf504c742c37389a38fbed90446a4bf408e40e48d34c1ccaa306f92cfdf7b3","1","TriggerSmartContract","31","0","SUCCESS","Transfer","xyz","6","","","0","1","","365","552"
"47357035134","-5","1658661272000","42683320","TL4_vRLoLJ8UtHnMdfLBRTeRQ8Njpywwsn","TL5_09ATntxXgLI5BseChRpOXMy9Rrtyop","6f59539b38441e4c98b8b2e3fa717ab87c6f2e6aba76591ff2d19c64169b75ac","1","TriggerSmartContract","31","0","SUCCESS","Transfer","xyz","6","","","0","1","","26","893"
"4982296935","-5","1658661372000","42683321","TL3_WS3EgwewkkkOaNXsP99M3Zba7UcK5T","TL4_tipNwop6pMZUXTaM8t9rRaxF1WKz7R","150afa89f25c50b6daa3ac45adb327f63e9bd3781abbf1ef6de741f67221dd07","1","TriggerSmartContract","31","0","SUCCESS","Transfer","xyz","6","","","0","1","","221","532"
"1075522786","-5","1658661472000","42683322","TL1_rlnBSbJ8cG6quaCf6T1W0gdNfL1FSk","TL2_Ky7EcI91QSBSXoTJIhCejQEieBOVZ4","8f0603902bea0110fa3ae71d5b639a6af3a786f9eab398912e5a7e0f1d2b2c0d","1","TriggerSmartContract","31","0","SUCCESS","Transfer","xyz","6","","","0","1","","338","545"
"49815791306","-5","1658661572000","42683323","TL2_BDMIpWCWhuISMUbPFZJ1tJ5FjXAMGT","TL3_SzTnP2oj6C3s3IPmKr6GhrSTxoqBMW","df439ade0fe9bac2dc5b5876cfc59a2084f999aa19a3e7f1f6ebc8652aec7044","1","TriggerSmartContract","31","0","SUCCESS","Transfer","xyz","6","","","0","1","","78","809"
"19908983988","-5","1658661672000","42683324","TL1_x3NfJwA4riffmafYWeuixveABSDwmd","TL2_tiUzYXVBKjVqEcCnLvKoKMZbsQWj7R","5bf1bc3168df8d3c24ec6f3d1eaaf8b7469e199b985e36956c3effb8e97b7399","1","TriggerSmartContract","31","0","SUCCESS","Transfer","xyz","6","","","0","1","","464","567"
"33531024367","-5","1658661772000","42683325","TL2_BWsuLrWVniHeaW8LUTouPCjmBWaSDg","TL3_8I1foqYajoqc28ak9vRQZwL93xMVzl","af2bfaab12210110786dae6f04310fdeb176eb06dbed2624560bc952bea75603","1","TriggerSmartContract","31","0","SUCCESS","Transfer","xyz","6","","","0","1","","360","944"
"10152838099","-5","1658661872000","42683326","TL4_uN3W0hFXmfEaybXpjHesbNSi5xJZSp","TL5_72U13ZJD9xudm7Rc6Suo0mVLqglpym","c6d04621443e753fb404b7b1502f35897aa96aec31842205db3f880cc680a6e5","1","TriggerSmartContract","31","0","SUCCESS","Transfer","xyz","6","","","0","1","","156","827"
"455512744","-5","1658661972000","42683327","TL3_rn5fyj5a3PDPOXVlOqzSUtYLhMlYiZ","TL4_fLtlECp1Zh2GVrMHEM2l6br6wSSGHq","53ef33aa4b84c6e032dd5c35954d5980f3b29c907c21ba69f0ccfee9692434c7","1","TriggerSmartContract","31","0","SUCCESS","Transfer","xyz","6","","","0","1","","487","697"
"18128326417","-5","1658662072000","42683328","TL4_kxsyrx8U8tKiuECnHQBglQw200pLGW","TL5_XdxW2Cq3uRHNRyISlA97L0IaIOv8To","c70bdbf3a10d2c1644f71be6b0aba180e35d627c344ab2c9ef610e8e62808943","1","TriggerSmartContract","31","0","SUCCESS","Transfer","xyz","6","","","0","1","","246","915"
"6389329385","-5","1658662172000","42683329","TL2_ApeXZAQBP8SpUzUtIejSZTlRD5ZI6F","TL3_4TTZRMskZR8mYUkAItGx0pRwsqFwzp","e6053e7fef2b9c289d45897d12ec569f3b4c250ec6b4bd7c86c85ee68b98dd3c","1","TriggerSmartContract","31","0","SUCCESS","Transfer","xyz","6","","","0","1","","34","910"
"34638787986","-5","1658662272000","42683330","TL4_aJXjeDQQuTDs3GwLmPpb1yBgLDfngo","TL5_UJ2sC8FTzjCugnJhgptTbF0E9lx77s","e72e7d29f8d9dc13d33f85fbe0b55917cf8c4a8a287f29f2bc76f216bac6f2d9","1","TriggerSmartContract","31","0","SUCCESS","Transfer","xyz","6","","","0","1","","384","687"
"7339447067","-5","1658662372000","42683331","TL0_9QhFhNnfvCJIUinPzs5JmaLDyfVRGR","TL1_1KB6onzAO1EjCyHvtr6mY1xlgsC9QJ","998fae766ff71dfa0d77a5a4f5b05f5b2d91a1cc435962091d37098b872daf03","1","TriggerSmartContract","31","0","SUCCESS","Transfer","xyz","6","","","0","1","","185","619"
"8067357649","-5","1658662472000","42683332","TL0_taqVhCeudh6sYk5VY5jmNbVJDv4wyu","TL1_bVUrn6C2uLGeY1CAa8wJXXF3GZ8aJp","64db783a6a7c2f980249584f444c1e1ed3dbac44c72b9f6aac169ce2af46e5cd","1","TriggerSmartContract","31","0","SUCCESS","Transfer","xyz","6","","","0","1","","270","881"
"48951473531","-5","1658662572000","42683333","TL0_vaosEXnWjQOnfHhhLSspNQQxhU8dCQ","TL1_HCaeQkJOxQoCyhNFRdkhHLxbZGbnfl","c26513b05218d2027c5e00a93150256127647252281c092edd9877c1ff360de5","1","TriggerSmartContract","31","0","SUCCESS","Transfer","xyz","6","","","0","1","","370","573"
"15803871058","-5","1658662672000","42683334","TL0_dNNxGENHilYNxaLDX1ZGAOdpsX6mBl","TL1_x3NfJwA4riffmafYWeuixveABSDwmd","782422a4b99a7e2d94336472d794b2917565fe88249bc11b17f1ef57f1cd50d5","1","TriggerSmartContract","31","0","SUCCESS","Transfer","xyz","6","","","0","1","","305","660"
"11149523784","-5","1658662772000","42683335","TL2_BWsuLrWVniHeaW8LUTouPCjmBWaSDg","TL3_RXQ9RH0C9jgW9mObYejFu3yGD3qHhe","87909b6cd704150a8680f75132a7425142d3e3e69d253d84028ea30b5c50f3e4","1","TriggerSmartContract","31","0","SUCCESS","Transfer","xyz","6","","","0","1","","329","530"
"33271593635","-5","1658662872000","42683336","TL0_iMF3oRaX5T6BX0f06IgJ5JpdQfkDxf","TL1_6neunA32FmCeHYF3oTP5nBoi3nvEfm","730750eaf5b1bd6ccc6b82120bd391e18ef94f583e392d3301d1d4c755a3ecc8","1","TriggerSmartContract","31","0","SUCCESS","Transfer","xyz","6","","","0","1","","344","545"
"30792103665","-5","1658662972000","42683337","TL0_UIYJAaYSKdRdFPWf6eTEl6c4VBIZ7l","TL1_1KB6onzAO1EjCyHvtr6mY1xlgsC9QJ","898383d89ec9c3aef9aadf79cfdedd3096fc723cd475197206fc84ed292fd774","1","TriggerSmartContract","31","0","SUCCESS","Transfer","xyz","6","","","0","1","","211","509"
"40843191238","-5","1658663072000","42683338","TL0_kChf5Gga6bHWT6dQqfLEl707AgDurv","TL1_6WrFZvSTfPkYlvIFhF6eyZVdxUSG4H","dd5649cef1aa027e20732af5cce95b88bf943c563d456f66af5df291eb7631f2","1","TriggerSmartContract","31","0","SUCCESS","Transfer","xyz","6","","","0","1","","358","658"
"15037946202","-5","1658663172000","42683339","TL4_AbKZGsHLjzj7ZoG6g7xWjXxw3eYJFs","TL5_12DGOLPegW41V3liFY7slhUBbURNO9","c71338068d05e4ffcc497a7b755e8b42cb187555d1c5dabcb254ac24ace7933f","1","TriggerSmartContract","31","0","SUCCESS","Transfer","xyz","6","","","0","1","","394","530"
"40436640873","-5","1658663272000","42683340","TL4_KBFzsI5RRQWJZDZnP5zvcw9dzSbkNy","TL5_7uwku1ryKfIXoMlRjuKXCkWtY52U4G","1649cfad030c3bc5857c0ac4d0cdb55afb07bdd6cfd5d71d15cf7664f1d18ef5","1","TriggerSmartContract","31","0","SUCCESS","Transfer","xyz","6","","","0","1","","456","722"
"2566831579","-5","1658663372000","42683341","TL3_RXQ9RH0C9jgW9mObYejFu3yGD3qHhe","TL4_VW0TCxQ5JJvkTAnSYDcvTOj9kSoa4z","f5d9191e4edd8c866f99d21588c46b52d0729e0b996e23936e619cd767b9a6c8","1","TriggerSmartContract","31","0","SUCCESS","Transfer","xyz","6","","","0","1","","359","742"
"864299300","-5","1658663472000","42683342","TL3_8I1foqYajoqc28ak9vRQZwL93xMVzl","TL4_aJXjeDQQuTDs3GwLmPpb1yBgLDfngo","a0e2b150cfc5f5857e756b577cb3963ad3e08285db362e9550a901de8605e8c9","1","TriggerSmartContract","31","0","SUCCESS","Transfer","xyz","6","","","0","1","","412","953"
"41143576560","-5","1658663572000","42683343","TL1_x3NfJwA4riffmafYWeuixveABSDwmd","TL2_DiVcIW3ACfZXJp7lWfUwl42MrSQK7M","29c2e93b25168918171779eebbebb5212a30b044f96f23d6d6db2ffad598bfec","1","TriggerSmartContract","31","0","SUCCESS","Transfer","xyz","6","","","0","1","","5","919"
"30727525616","-5","1658663672000","42683344","TL2_BWsuLrWVniHeaW8LUTouPCjmBWaSDg","TL3_N4P1hg1wJFIx3qGNEHcblKEx7CjznF","e23ee0dc7160a92ac39ab8a5dd173cfc7565e2b635a4d5e62901770449e66d61","1","TriggerSmartContract","31","0","SUCCESS","Transfer","xyz","6","","","0","1","","88","838"
"24680376148","-5","1658663772000","42683345","TL2_tiUzYXVBKjVqEcCnLvKoKMZbsQWj7R","TL3_BzwXtvwR2HDoI9lp0SXLZJy66Pk545","c787e3170c1aa446739932ee10776070542c2b231f30cb336f5bd51a8906941b","1","TriggerSmartContract","31","0","SUCCESS","Transfer","xyz","6","","","0","1","","29","949"
"16402777909","-5","1658663872000","42683346","TL2_ER9WRoc3sQjYEo65y8a7fOmj5QwIDV","TL3_vOzxmxLWFqbCrASvyroNY8ihaRFA1y","37868422f1e03bd1b81c0e840e1116caadb602746d1d15c040b6941f50eb62b9","1","TriggerSmartContract","31","0","SUCCESS","Transfer","xyz","6","","","0","1","","174","530"
"19232643745","-5","1658663972000","42683347","TL1_EsrtUnJPucMUH59GU0GC2EBp22DbF8","TL2_97KeDMFPhch9GtHwkuuXbIuKxWd8Fb","94e28ed024604e8da7789133ab589924a55ff74ec21fcfafc2ab75de7241396b","1","TriggerSmartContract","31","0","SUCCESS","Transfer","xyz","6","","","0","1","","98","886"
"1930429599","-5","1658664072000","42683348","TL3_WS3EgwewkkkOaNXsP99M3Zba7UcK5T","TL4_Mu6wKFxdp7dqlFAE8GkX8Hqv0VMWHT","d6ad1a1d87d4ac8dab6cf51abaabd53d1eaca87921c74ace2b8bd3838426c848","1","TriggerSmartContract","31","0","SUCCESS","Transfer","xyz","6","","","0","1","","229","568"
"5271371","-5","1658664172000","42683349","TL0_SFTAEtWzP8jRL2FCESTq50fMxEZg3e","TL1_xMH0GYoyXNLNLRhlLtwSUtl9x8PHUh","96cf0cfc58e42dc482f0e75dd131a0a53de59c6e4fd44f8a8ffba1f36b426c96","1","TriggerSmartContract","31","0","SUCCESS","Transfer","xyz","6","","","0","1","","419","767"
"21191475660","-5","1658664272000","42683350","TL0_dNNxGENHilYNxaLDX1ZGAOdpsX6mBl","TL1_xMH0GYoyXNLNLRhlLtwSUtl9x8PHUh","f2c07f567ac5ea0b4b5022dc2fd698413fbae77a360d614db6d6fb7d76db4286","1","TriggerSmartContract","31","0","SUCCESS","Transfer","xyz","6","","","0","1","","95","546"
"18482952750","-5","1658664372000","42683351","TL2_6yCq6qFzdBg7XAcc2MTZay6tgrFZpE","TL3_RXQ9RH0C9jgW9mObYejFu3yGD3qHhe","6d3ac3a26db323c396855f2c1dd15df9ca529ccffbd59a038be1dbd2199e88e1","1","TriggerSmartContract","31","0","SUCCESS","Transfer","xyz","6","","","0","1","","27","513"
"29533672190","-5","1658664472000","42683352","TL1_zrAJlSW3BxWbhzUQBvbE1HVUHxiOYm","TL2_BWsuLrWVniHeaW8LUTouPCjmBWaSDg","6e40694d565f080e024759ffeeb95e75bf3e8a2dc93271810b3b9ae8583ce40e","1","TriggerSmartContract","31","0","SUCCESS","Transfer","xyz","6","","","0","1","","20","890"
"36567813103","-5","1658664572000","42683353","TL2_ApeXZAQBP8SpUzUtIejSZTlRD5ZI6F","TL3_PHlKp2OVI7duPLZvJZ2eVC6p3RamTL","9ef230bb8888ee2d5917b8738dfd66dbfd83e5ce08a05416c080053ab5342ab7","1","TriggerSmartContract","31","0","SUCCESS","Transfer","xyz","6","","","0","1","","379","624"
"29595743917","-5","1658664672000","42683354","TL3_BzwXtvwR2HDoI9lp0SXLZJy66Pk545","TL4_Mu6wKFxdp7dqlFAE8GkX8Hqv0VMWHT","4f207e1b154871b83893f3cd1b3982b731e3a5b53e0a7844dd5a33eb97f48f3b","1","TriggerSmartContract","31","0","SUCCESS","Transfer","xyz","6","","","0","1","","72","824"
"3453442106","-5","1658664772000","42683355","TL3_n5om1HDQO987aiKMH0LSRKULZfFWe9","TL4_Mu6wKFxdp7dqlFAE8GkX8Hqv0VMWHT","a4e9eb81e06ee574e14d297b766529fd0d95e6aa3f1f7548c5bf83ff7debea4e","1","TriggerSmartContract","31","0","SUCCESS","Transfer","xyz","6","","","0","1","","94","610"
"13886073543","-5","1658664872000","42683356","TL2_Ky7EcI91QSBSXoTJIhCejQEieBOVZ4","TL3_rn5fyj5a3PDPOXVlOqzSUtYLhMlYiZ","3c14b815efa9ae3115e35f1b55a7a28dc05b3fee95ff9b866d911e1348ea2115","1","TriggerSmartContract","31","0","SUCCESS","Transfer","xyz","6","","","0","1","","295","808"
"42682380600","-5","1658664972000","42683357","TL0_tGzjrZ4EcEO4cCG8JvIlDtxeyC7fay","TL1_PcqKlNdet4ghE0X8QflyArEpVEJMNe","bdc9a85ac25584947cd0f1ed275630743c1fd95a4a0368eabd27399d161f6757","1","TriggerSmartContract","31","0","SUCCESS","Transfer","xyz","6","","","0","1","","424","554"
"40131200646","-5","1658665072000","42683358","TL0_HGTGmeE7JpqFjoej0jljS1zgutnNBw","TL1_USrap094dSP0A2fbpBRN979ck4X47Y","f078ff7649c0e11fa0b1eaa1cf75ac90492f26bbd6479b26f928ce27ab1c4395","1","TriggerSmartContract","31","0","SUCCESS","Transfer","xyz","6","","","0","1","","424","903"
"33326237825","-5","1658665172000","42683359","TL0_dNNxGENHilYNxaLDX1ZGAOdpsX6mBl","TL1_x3NfJwA4riffmafYWeuixveABSDwmd","79e527344ef38e29db22422940bfb4a24f03efb443f49f34de3b1467fbfe97cc","1","TriggerSmartContract","31","0","SUCCESS","Transfer","xyz","6","","","0","1","","124","909"
"47071170335","-5","1658665272000","42683360","TL0_k6Z1kmnMZcOpr1Xp59BGbnYn8u80cE","TL1_x3NfJwA4riffmafYWeuixveABSDwmd","197c874bd47535b087d081ab968a8781f10753e42880fcf83fd58f4689ed922c","1","TriggerSmartContract","31","0","SUCCESS","Transfer","xyz","6","","","0","1","","319","528"
"44113166818","-5","1658665372000","42683361","TL4_iLNljSLqHDrvy2OJXZ1aAKh1opzbni","TL5_VkLmQloXv4tKeS5FR2t2XEXijLonXG","e4f201e71ed0c22a0fe7065088120dc65747b55c37a46a592b3900155fcdccb2","1","TriggerSmartContract","31","0","SUCCESS","Transfer","xyz","6","","","0","1","","343","609"
"25164509132","-5","1658665472000","42683362","TL4_iLNljSLqHDrvy2OJXZ1aAKh1opzbni","TL5_hiIp6n8QyrqpEziFXFKcn6GL0koxPp","f8badea8c132ed45a2df53f5fb948e826f45398496786260b1ccacabfc957566","1","TriggerSmartContract","31","0","SUCCESS","Transfer","xyz","6","","","0","1","","128","775"
"15180171517","-5","1658665572000","42683363","TL1_HCaeQkJOxQoCyhNFRdkhHLxbZGbnfl","TL2_6954LHjM4oYDXJuKKdw5VeTXKjqT6p","96ea33b1172cc7b64c1fc90762e4291b5b61d02099a87d2ee6661996850028e1","1","TriggerSmartContract","31","0","SUCCESS","Transfer","xyz","6","","","0","1","","28","978"
"17829544434","-5","1658665672000","42683364","TL4_Mu6wKFxdp7dqlFAE8GkX8Hqv0VMWHT","TL5_cjFA5wnEyo91hDmf5PiHCNZ7yKGpS6","555826d4afef4b14d4d97f8a01c4f284d617d49de979da0fb1edec8afe4fa353","1","TriggerSmartContract","31","0","SUCCESS","Transfer","xyz","6","","","0","1","","280","704"
"22361752792","-5","1658665772000","42683365","TL1_USrap094dSP0A2fbpBRN979ck4X47Y","TL2_JrpCVnYdEEm3pLDvBImppMEQWC47Xc","139a080303dec378b6bf819a923001f938f52cbe294923356cb9886572a86fd0","1","TriggerSmartContract","31","0","SUCCESS","Transfer","xyz","6","","","0","1","","249","719"
"11002370487","-5","1658665872000","42683366","TL4_Mu6wKFxdp7dqlFAE8GkX8Hqv0VMWHT","TL5_72U13ZJD9xudm7Rc6Suo0mVLqglpym","7d33266ad2f4dfa718448eead716860c4eb38d04295aa6cc3e0eb37d6a2c29aa","1","TriggerSmartContract","31","0","SUCCESS","Transfer","xyz","6","","","0","1","","276","576"
"14430798457","-5","1658665972000","42683367","TL0_NhuaT4tSKAC9rG1UI941POz9JwRoPG","TL1_USrap094dSP0A2fbpBRN979ck4X47Y","9f196886532ab08b59929fdaf0ddb838c95900cc2d6f55f2119c787143b45f58","1","TriggerSmartContract","31","0","SUCCESS","Transfer","xyz","6","","","0","1","","315","848"
"11465075895","-5","1658666072000","42683368","TL2_tKZV11IffE4K64uaTHbNdPZqc8i33m","TL3_nW40NdboHbBmNL2ffVgjSeAcozeOY5","d6947c142736d3b118f430a116fe2dbb5a72fc7e910634ea85fabff2640cdaa2","1","TriggerSmartContract","31","0","SUCCESS","Transfer","xyz","6","","","0","1","","286","584"
"46043364471","-5","1658666172000","42683369","TL2_WX5eVqRKEd4D8qJcHyRH0xTZ1IeGtd","TL3_WS3EgwewkkkOaNXsP99M3Zba7UcK5T","c681c3c051433b228ad6705da569e05e8e856d91d1c9ac81f4b834c136b1a448","1","TriggerSmartContract","31","0","SUCCESS","Transfer","xyz","6","","","0","1","","286","888"
"39314036673","-5","1658666272000","42683370","TL4_Mu6wKFxdp7dqlFAE8GkX8Hqv0VMWHT","TL5_0Zn56WfWJfUZ2RygiygT2kNOz0RwLz","851091ea948d67244c690a61c25b7a12b5996458be37dfeed06f7d5b38f5113e","1","TriggerSmartContract","31","0","SUCCESS","Transfer","xyz","6","","","0","1","","99","565"
"40762293088","-5","1658666372000","42683371","TL3_ojraCqvyswEfxVcwEmhoqU1de4eGDo","TL4_uN3W0hFXmfEaybXpjHesbNSi5xJZSp","bdfa50cdd240940c52aff6a2f2c508e49f1bfe496ddd7066541e0435b6d4b5c8","1","TriggerSmartContract","31","0","SUCCESS","Transfer","xyz","6","","","0","1","","303","552"
"6551408017","-5","1658666472000","42683372","TL3_2bvvSH8LdoxIAiNQXunFDMsMU8dvUl","TL4_vRLoLJ8UtHnMdfLBRTeRQ8Njpywwsn","d4225e564007fcd9dc5034bd4a444aabe1424af1790c518abf3141e84ea21651","1","TriggerSmartContract","31","0","SUCCESS","Transfer","xyz","6","","","0","1","","56","737"
"6042756558","-5","1658666572000","42683373","TL2_GvJSCMjlXgOkTBjoxC5qVT5RpR6ckl","TL3_RXQ9RH0C9jgW9mObYejFu3yGD3qHhe","89fdf50de758e5d477a3386feda666133728e126ca2feb49de9294f6cf370374","1","TriggerSmartContract","31","0","SUCCESS","Transfer","xyz","6","","","0","1","","116","578"
"30878204006","-5","1658666672000","42683374","TL2_ER9WRoc3sQjYEo65y8a7fOmj5QwIDV","TL3_n5om1HDQO987aiKMH0LSRKULZfFWe9","85dfc1f67a49e262f4211728c3977f27882a64909f60793379b58983b9a43b55","1","TriggerSmartContract","31","0","SUCCESS","Transfer","xyz","6","","","0","1","","250","565"
"4161208086","-5","1658666772000","42683375","TL1_rlnBSbJ8cG6quaCf6T1W0gdNfL1FSk","TL2_gViXSgEX773nnQ3pYXlcBwJ4Xr27FJ","63ccf382dbf41d157b6a376ef434dadcc56c9d3e3214da60d34c722b5aa9f795","1","TriggerSmartContract","31","0","SUCCESS","Transfer","xyz","6","","","0","1","","378","619"
"483217948","-5","1658666872000","42683376","TL3_AcZ19Ox3Omq0t5JGwbJkHXryrvFBCJ","TL4_XcHUYt5TEH6ZuUneVzWQXHg5jmPuvp","80766b2a63c793fc36b284fa3f88b818a84abb228344dc95097707b533e44c0a","1","TriggerSmartContract","31","0","SUCCESS","Transfer","xyz","6","","","0","1","","203","534"
"47836011834","-5","1658666972000","42683377","TL4_fLtlECp1Zh2GVrMHEM2l6br6wSSGHq","TL5_0rDI759ND559HhM3TRJtSNyIg1PiHB","254bd2470447fb531325d8b09e9d05a3f8977b36cdea3ee50466c29d889d7550","1","TriggerSmartContract","31","0","SUCCESS","Transfer","xyz","6","","","0","1","","112","994"
"42798138824","-5","1658667072000","42683378","TL2_ER9WRoc3sQjYEo65y8a7fOmj5QwIDV","TL3_AcZ19Ox3Omq0t5JGwbJkHXryrvFBCJ","a5d349e5ac8bdf1c7aeb2f7b6cb512dd041ba284cb98f5ef886d371f843dffac","1","TriggerSmartContract","31","0","SUCCESS","Transfer","xyz","6","","","0","1","","38","943"
"30231681638","-5","1658667172000","42683379","TL0_tGzjrZ4EcEO4cCG8JvIlDtxeyC7fay","TL1_zrAJlSW3BxWbhzUQBvbE1HVUHxiOYm","bf1b1589093d279cad2e750eb3400bab3c5527aaf01932071b53b58226c48cac","1","TriggerSmartContract","31","0","SUCCESS","Transfer","xyz","6","","","0","1","","465","569"
"24862416967","-5","1658667272000","42683380","TL1_latjpyDDXmOa54jmpMtGehNZ5g6zjx","TL2_Bv09ezcTdU6daGBiMXPD53dmS1Jh66","69d940b89ae2d656e8eb14756286e03f3282c8789ab853f03005a48c8b90eb8b","1","TriggerSmartContract","31","0","SUCCESS","Transfer","xyz","6","","","0","1","","122","559"
"4367226481","-5","1658667372000","42683381","TL0_k6Z1kmnMZcOpr1Xp59BGbnYn8u80cE","TL1_1KB6onzAO1EjCyHvtr6mY1xlgsC9QJ","04a1c129e74c7a8125fd42ada086e96413528e99dc932e93eb40cd962b54dea6","1","TriggerSmartContract","31","0","SUCCESS","Transfer","xyz","6","","","0","1","","303","573"
"46326691656","-5","1658667472000","42683382","TL1_cAhrd4mck9SZCfEmUr3Y3ZmPLbs4J1","TL2_ApeXZAQBP8SpUzUtIejSZTlRD5ZI6F","c665237c171b8a9ef08e3a0df7d6249b9ef0557f1d6739bf6624de61f0973d4f","1","TriggerSmartContract","31","0","SUCCESS","Transfer","xyz","6","","","0","1","","390","848"
"32559545212","-5","1658667572000","42683383","TL4_AbAsVCu8KJI1AYOPk1n35E6YSlyFiW","TL5_9zKXbgWQKbnK3yiKla0DWkHesBKNiU","f70034f339f2334997a83b90861b907ba26f845bce1ef14ed6cd4c84e1110444","1","TriggerSmartContract","31","0","SUCCESS","Transfer","xyz","6","","","0","1","","384","801"
"17160539341","-5","1658667672000","42683384","TL3_n5om1HDQO987aiKMH0LSRKULZfFWe9","TL4_l5qADKVYMXHlIPHgLpxnNi0WCrqUle","3770dc9170e4583dbfb72f5b31b7b7d44a8ce7579423a23b4a3231581719746b","1","TriggerSmartContract","31","0","SUCCESS","Transfer","xyz","6","","","0","1","","499","817"
"40668948289","-5","1658667772000","42683385","TL2_KiQjOWGPigo5c5e6Wm6aJTHt4GaI7t","TL3_rn5fyj5a3PDPOXVlOqzSUtYLhMlYiZ","84f8c5feb8e4e380cd9be0ff9cd0f9d3e8fa54fb756a1fecb91a704cc5ff7438","1","TriggerSmartContract","31","0","SUCCESS","Transfer","xyz","6","","","0","1","","154","898"
"11885191639","-5","1658667872000","42683386","TL3_N4P1hg1wJFIx3qGNEHcblKEx7CjznF","TL4_CnUx2xZlk28Eo4TvJykVjvzKrfgVmO","b7b771877ca67718023cb55e09d26c8af12ae89b81eab1bb88364ac73ce2d859","1","TriggerSmartContract","31","0","SUCCESS","Transfer","xyz","6","","","0","1","","218","759"
"46927982260","-5","1658667972000","42683387","TL1_bVUrn6C2uLGeY1CAa8wJXXF3GZ8aJp","TL2_plRFT77Ak9CZ13W0MEZKXV30XhwKAi","ab57b9e550e4bb06fd28d4d61ce5416ee22263f8718736fed67b98d7036cfc92","1","TriggerSmartContract","31","0","SUCCESS","Transfer","xyz","6","","","0","1","","310","793"
"12255445765","-5","1658668072000","42683388","TL3_WS3EgwewkkkOaNXsP99M3Zba7UcK5T","TL4_iLNljSLqHDrvy2OJXZ1aAKh1opzbni","2124459eff69a0c6649780e81ba356a0037ed250f7ebdec21ccc15d5d7447f99","1","TriggerSmartContract","31","0","SUCCESS","Transfer","xyz","6","","","0","1","","463","785"
"19642766844","-5","1658668172000","42683389","TL0_vaosEXnWjQOnfHhhLSspNQQxhU8dCQ","TL1_latjpyDDXmOa54jmpMtGehNZ5g6zjx","235c78840b1ae1d36da7eb54b2b1b24ef09b0bb07375dde264e97f56c7bf0e69","1","TriggerSmartContract","31","0","SUCCESS","Transfer","xyz","6","","","0","1","","108","876"
"37355929564","-5","1658668272000","42683390","TL0_9QhFhNnfvCJIUinPzs5JmaLDyfVRGR","TL1_USrap094dSP0A2fbpBRN979ck4X47Y","d3d371100a692606baf47e7e5181e4362eef8b7ffff2db9e49aff79e4f804e42","1","TriggerSmartContract","31","0","SUCCESS","Transfer","xyz","6","","","0","1","","389","775"
"24981712921","-5","1658668372000","42683391","TL1_EsrtUnJPucMUH59GU0GC2EBp22DbF8","TL2_GvJSCMjlXgOkTBjoxC5qVT5RpR6ckl","f6db7960f534ab7e6c4805209392dca9abd992b94b04432eb41f65dd37649b99","1","TriggerSmartContract","31","0","SUCCESS","Transfer","xyz","6","","","0","1","","326","942"
"4923091023","-5","1658668472000","42683392","TL3_BzwXtvwR2HDoI9lp0SXLZJy66Pk545","TL4_gHmECSZgADu6c4XUkYjwcYXXUi6hdE","41f97879d5cc4cc9ef57a63629b54c4c9691d898524ffe9a9e6f346a28c8b3d5","1","TriggerSmartContract","31","0","SUCCESS","Transfer","xyz","6","","","0","1","","181","737"
"10400227857","-5","1658668572000","42683393","TL0_aI6pJI78svuMVUfes31mQd7HwUNOKA","TL1_bVUrn6C2uLGeY1CAa8wJXXF3GZ8aJp","25862697bb4c66eaee8f9224ece8d801e319bf40ffd25fbe8feb08790e1f514a","1","TriggerSmartContract","31","0","SUCCESS","Transfer","xyz","6","","","0","1","","321","737"
"14313920134","-5","1658668672000","42683394","TL0_SFTAEtWzP8jRL2FCESTq50fMxEZg3e","TL1_FZmAxOTkGq0M3ZRf9yIxwTOhr09xnb","4a8c7b3237e6c97f3a3b427d0f152e7d96d3af8e49d2ebc5895ebebee4e89e78","1","TriggerSmartContract","31","0","SUCCESS","Transfer","xyz","6","","","0","1","","61","574"
"22444944775","-5","1658668772000","42683395","TL2_XSKacf7btQsHrkxCHMSYue7IVCSiIw","TL3_4TTZRMskZR8mYUkAItGx0pRwsqFwzp","b6564c2eef8e718f1b99b38a8f0dc61b0e49d1fe2c53a22cc1c1e0926edd5727","1","TriggerSmartContract","31","0","SUCCESS","Transfer","xyz","6","","","0","1","","114","598"
"14848060161","-5","1658668872000","42683396","TL3_n5om1HDQO987aiKMH0LSRKULZfFWe9","TL4_ZvCZIWtX1UzEjqsu4MQFKE400WQZvs","d497d887f2faf591333c629eba6a7c768ec285955c46c655432821356a852d08","1","TriggerSmartContract","31","0","SUCCESS","Transfer","xyz","6","","","0","1","","290","776"
"3166431075","-5","1658668972000","42683397","TL2_53eA6WSKWbtFEitI7YYf8DUPlKClMn","TL3_PHlKp2OVI7duPLZvJZ2eVC6p3RamTL","bcad0452eb344c2f667e28d0cf32a192f60fa7820b6f17df16781b49f131121e","1","TriggerSmartContract","31","0","SUCCESS","Transfer","xyz","6","","","0","1","","269","594"
"47208025252","-5","1658669072000","42683398","TL3_WS3EgwewkkkOaNXsP99M3Zba7UcK5T","TL4_AbKZGsHLjzj7ZoG6g7xWjXxw3eYJFs","e2982ed9915c325a2e27c38d6f663da54dfcd2b28d3e8fb14242454f99d7bfef","1","TriggerSmartContract","31","0","SUCCESS","Transfer","xyz","6","","","0","1","","215","595"
"9066470406","-5","1658669172000","42683399","TL1_5FuqPHn4fJVcIzFEZNvDvRfZ3Tl9iD","TL2_ApeXZAQBP8SpUzUtIejSZTlRD5ZI6F","dae9614c7a3441878db4ff7e174ab42a954e978edae8b33d529357ab97c67ba7","1","TriggerSmartContract","31","0","SUCCESS","Transfer","xyz","6","","","0","1","","194","571"
"15648977729","-5","1658669272000","42683400","TL1_179hEwOYz45YPSoXjjHlSzxZ17tsih","TL2_6yCq6qFzdBg7XAcc2MTZay6tgrFZpE","d5c0ca2c2744fb0304719009a270ce242158c6027cd2bbc4fb94a2cdabcc8482","1","TriggerSmartContract","31","0","SUCCESS","Transfer","xyz","6","","","0","1","","49","538"
"20353278600","-5","1658669372000","42683401","TL1_rlnBSbJ8cG6quaCf6T1W0gdNfL1FSk","TL2_plRFT77Ak9CZ13W0MEZKXV30XhwKAi","a6779af7ed8f2397ba4238e6492cfbf784d6d1cec9495f47c10c3e27c7fbac37","1","TriggerSmartContract","31","0","SUCCESS","Transfer","xyz","6","","","0","1","","28","622"
"3459852248","-5","1658669472000","42683402","TL2_ER9WRoc3sQjYEo65y8a7fOmj5QwIDV","TL3_vOzxmxLWFqbCrASvyroNY8ihaRFA1y","891ef05f6cc3b3b0efbaaca80758d114919142df2a390f1de326a3d646f2da45","1","TriggerSmartContract","31","0","SUCCESS","Transfer","xyz","6","","","0","1","","286","917"
"13980561286","-5","1658669572000","42683403","TL0_NhuaT4tSKAC9rG1UI941POz9JwRoPG","TL1_HCaeQkJOxQoCyhNFRdkhHLxbZGbnfl","ced23d36f71d6125b70aaf73143dfdfc61b79a4859da717b1bdb9543e2ea4126","1","TriggerSmartContract","31","0","SUCCESS","Transfer","xyz","6","","","0","1","","28","604"
"1665400927","-5","1658669672000","42683404","TL2_WX5eVqRKEd4D8qJcHyRH0xTZ1IeGtd","TL3_ojraCqvyswEfxVcwEmhoqU1de4eGDo","93452bbbb4ac5995f7cd779f00aa43c09e57e11ee5c554373af0a889a866fd79","1","TriggerSmartContract","31","0","SUCCESS","Transfer","xyz","6","","","0","1","","402","906"
"43709551015","-5","1658669772000","42683405","TL2_BWsuLrWVniHeaW8LUTouPCjmBWaSDg","TL3_kK4HWVrkVv7wyzEmRsFgsSeLY1KDYV","8525caa9436f9a2fe61b91a4f476f098380f09e88efd6ee5511dda18beda7f78","1","TriggerSmartContract","31","0","SUCCESS","Transfer","xyz","6","","","0","1","","236","614"
"46764943304","-5","1658669872000","42683406","TL0_aI6pJI78svuMVUfes31mQd7HwUNOKA","TL1_IKFK0VqP6dTrXhtevphRJUTmko95Om","172b75ccec49239589a665cc8081f22c1b2743b787fa5b76581b789dd78a8a19","1","TriggerSmartContract","31","0","SUCCESS","Transfer","xyz","6","","","0","1","","444","918"
"9735359529","-5","1658669972000","42683407","TL3_8I1foqYajoqc28ak9vRQZwL93xMVzl","TL4_aJXjeDQQuTDs3GwLmPpb1yBgLDfngo","a35e8bf81adb84f14742774a1db1bed6a9843b1312518924bf535237b5d0d457","1","TriggerSmartContract","31","0","SUCCESS","Transfer","xyz","6","","","0","1","","114","563"
"34040548213","-5","1658670072000","42683408","TL3_n5om1HDQO987aiKMH0LSRKULZfFWe9","TL4_3UeDLBRPnDqKI6DQ1yu7yNA1MTACdh","c35eea8c006bea1e623dd7ed99f8457d09d7fd7f7814690578926721ac3dd9fe","1","TriggerSmartContract","31","0","SUCCESS","Transfer","xyz","6","","","0","1","","211","994"
"35685990497","-5","1658670172000","42683409","TL0_taqVhCeudh6sYk5VY5jmNbVJDv4wyu","TL1_EsrtUnJPucMUH59GU0GC2EBp22DbF8","da23b34bd73cab906c40c0274090e033e5e7922601e200a8bd5aaeb97d581e07","1","TriggerSmartContract","31","0","SUCCESS","Transfer","xyz","6","","","0","1","","106","921"
"17546800688","-5","1658670272000","42683410","TL3_xhpf4FokZfCokzanP1ozDGWJTAkl6o","TL4_ZvCZIWtX1UzEjqsu4MQFKE400WQZvs","6bd5b664b40f92c1056d76e72d37f959acda9c2120b2851cc0e26d659f51ee62","1","TriggerSmartContract","31","0","SUCCESS","Transfer","xyz","6","","","0","1","","489","770"
"21022631189","-5","1658670372000","42683411","TL1_179hEwOYz45YPSoXjjHlSzxZ17tsih","TL2_JrpCVnYdEEm3pLDvBImppMEQWC47Xc","882169b509a4bbdff8664497b480680b9f6f8d219557bcd25535491a22284d21","1","TriggerSmartContract","31","0","SUCCESS","Transfer","xyz","6","","","0","1","","125","540"
"3643522006","-5","1658670472000","42683412","TL4_3UeDLBRPnDqKI6DQ1yu7yNA1MTACdh","TL5_72U13ZJD9xudm7Rc6Suo0mVLqglpym","1acf7bb15271ce2ea1f18d63db7b305746727e25db493d80815ad78dd12a9f83","1","TriggerSmartContract","31","0","SUCCESS","Transfer","xyz","6","","","0","1","","20","851"
"4885301095","-5","1658670572000","42683413","TL4_AbAsVCu8KJI1AYOPk1n35E6YSlyFiW","TL5_12DGOLPegW41V3liFY7slhUBbURNO9","2a667c15fbdb32dc1edcbac6fcc17cb2930b3c2d97d8932e3d9636c1e081a1e5","1","TriggerSmartContract","31","0","SUCCESS","Transfer","xyz","6","","","0","1","","460","720"
"27920709300","-5","1658670672000","42683414","TL4_fLtlECp1Zh2GVrMHEM2l6br6wSSGHq","TL5_VkLmQloXv4tKeS5FR2t2XEXijLonXG","e60af797cdfe22de5971371a8c80541782943e866394f5f7c325a524874e4bbf","1","TriggerSmartContract","31","0","SUCCESS","Transfer","xyz","6","","","0","1","","175","693"
"40622272095","-5","1658670772000","42683415","TL2_BDMIpWCWhuISMUbPFZJ1tJ5FjXAMGT","TL3_rn5fyj5a3PDPOXVlOqzSUtYLhMlYiZ","d93695b874dd88ccdebb85f755290e464ec7d9ed9bc3e54a2d328e316e06bf05","1","TriggerSmartContract","31","0","SUCCESS","Transfer","xyz","6","","","0","1","","366","873"
"19495840940","-5","1658670872000","42683416","TL4_XwmQehWrkHLszju0R4VQFoqJq8to8t","TL5_YAdrZI5Sy1LMLIQSSUEmMEQeoiz08Y","fc58d39f0dc11af0641055d0d0017e5ba5abb9c2b4fa1d0ce72e6bad5d0e59e4","1","TriggerSmartContract","31","0","SUCCESS","Transfer","xyz","6","","","0","1","","456","573"
"33712836978","-5","1658670972000","42683417","TL0_taqVhCeudh6sYk5VY5jmNbVJDv4wyu","TL1_zrAJlSW3BxWbhzUQBvbE1HVUHxiOYm","5a985b0e5d24226bac457de043fcb6788c637c33a50d6dd709227a071e9501f0","1","TriggerSmartContract","31","0","SUCCESS","Transfer","xyz","6","","","0","1","","156","832"
"26403310242","-5","1658671072000","42683418","TL4_vRLoLJ8UtHnMdfLBRTeRQ8Njpywwsn","TL5_cjFA5wnEyo91hDmf5PiHCNZ7yKGpS6","2a1cc5eee0f5f77b7ca5e057de3c656175d6b9f0f44cca0343c6b1cebe3217e1","1","TriggerSmartContract","31","0","SUCCESS","Transfer","xyz","6","","","0","1","","217","658"
"9126950406","-5","1658671172000","42683419","TL1_FZmAxOTkGq0M3ZRf9yIxwTOhr09xnb","TL2_KiQjOWGPigo5c5e6Wm6aJTHt4GaI7t","88b9ad468524925a19edff112576126ff440b6cc57f7fb0a5d24059845ead972","1","TriggerSmartContract","31","0","SUCCESS","Transfer","xyz","6","","","0","1","","256","782"
"39857148346","-5","1658671272000","42683420","TL1_x3NfJwA4riffmafYWeuixveABSDwmd","TL2_GvJSCMjlXgOkTBjoxC5qVT5RpR6ckl","b6d54257ac664543cd58baf566c08de638a785818561a0e9722dd4a13ee245ef","1","TriggerSmartContract","31","0","SUCCESS","Transfer","xyz","6","","","0","1","","304","611"
"44107802694","-5","1658671372000","42683421","TL4_WIt2I7mJrXpuhXvbC6vL27aLq7Q4KE","TL5_Emuhu5q9fJfUjAtptQKUNEFQDRjWn9","8b59bc8c58bb1d42d9a38b02917079c0fdcbebfbbb0eaa81d91b5d05d0aa6afe","1","TriggerSmartContract","31","0","SUCCESS","Transfer","xyz","6","","","0","1","","5","983"
"16128247778","-5","1658671472000","42683422","TL2_BDMIpWCWhuISMUbPFZJ1tJ5FjXAMGT","TL3_N4P1hg1wJFIx3qGNEHcblKEx7CjznF","ba1dff8f63fe281623e5200e7d747c711b8f9f544f4a1c2bad486ad63cfcdc89","1","TriggerSmartContract","31","0","SUCCESS","Transfer","xyz","6","","","0","1","","388","820"
"8461010507","-5","1658671572000","42683423","TL2_XSKacf7btQsHrkxCHMSYue7IVCSiIw","TL3_n5om1HDQO987aiKMH0LSRKULZfFWe9","c7972834f98ff9333e5db5702c9fe434eef7a317ffa4dd33a9ed0b8790a20de9","1","TriggerSmartContract","31","0","SUCCESS","Transfer","xyz","6","","","0","1","","13","766"
"48244015602","-5","1658671672000","42683424","TL4_fLtlECp1Zh2GVrMHEM2l6br6wSSGHq","TL5_y9rFBWMLdtmadVvzWTsGo6DltyVbKV","86ad6c867b5e3cb07d3aafc4c36cbe19085befc9843712350f3931afe6c9c4bd","1","TriggerSmartContract","31","0","SUCCESS","Transfer","xyz","6","","","0","1","","353","512"
"33814546660","-5","1658671772000","42683425","TL4_uN3W0hFXmfEaybXpjHesbNSi5xJZSp","TL5_72U13ZJD9xudm7Rc6Suo0mVLqglpym","ff230e5888cb62ce25e906832104dd6477ab01e9ac811a968c2552e211c61f40","1","TriggerSmartContract","31","0","SUCCESS","Transfer","xyz","6","","","0","1","","198","716"
"17736237096","-5","1658671872000","42683426","TL3_kK4HWVrkVv7wyzEmRsFgsSeLY1KDYV","TL4_XcHUYt5TEH6ZuUneVzWQXHg5jmPuvp","b5b04a154c69504b268734bd615705006c1eb87ee13a6f4c2217bd4c249c3235","1","TriggerSmartContract","31","0","SUCCESS","Transfer","xyz","6","","","0","1","","11","954"
"43020085052","-5","1658671972000","42683427","TL1_EsrtUnJPucMUH59GU0GC2EBp22DbF8","TL2_53eA6WSKWbtFEitI7YYf8DUPlKClMn","e5a323aa17e8e4387857acb7b80d1d9de0235a13a25530f2168e2320e2a671e1","1","TriggerSmartContract","31","0","SUCCESS","Transfer","xyz","6","","","0","1","","395","813"
"21109670049","-5","1658672072000","42683428","TL4_iLNljSLqHDrvy2OJXZ1aAKh1opzbni","TL5_Emuhu5q9fJfUjAtptQKUNEFQDRjWn9","5c2040cb37da5646a8bdbd8a08450a4861af7eecc2c0387b27b553e68e63449d","1","TriggerSmartContract","31","0","SUCCESS","Transfer","xyz","6","","","0","1","","82","521"
"30126062710","-5","1658672172000","42683429","TL0_VR733hBdsRSMzHPGHzIcE2Jj1E6gLM","TL1_VfD4h8bUyXdrstR4btiWZPhpGgg4k6","24f979b2f770e64b1c4efbd3884a7b69957380571f96c7739ea0e33c9152f02d","1","TriggerSmartContract","31","0","SUCCESS","Transfer","xyz","6","","","0","1","","154","505"
"18234020991","-5","1658672272000","42683430","TL2_6yCq6qFzdBg7XAcc2MTZay6tgrFZpE","TL3_GyQQ8usssxG3ax3iGWhKwp04TONSac","264ca35db1322c34bdd1132775de0feab34616d16ed6d73953b8733105055e1a","1","TriggerSmartContract","31","0","SUCCESS","Transfer","xyz","6","","","0","1","","415","539"
"19555264632","-5","1658672372000","42683431","TL2_6yCq6qFzdBg7XAcc2MTZay6tgrFZpE","TL3_kK4HWVrkVv7wyzEmRsFgsSeLY1KDYV","827b158e03892d33ff2202d57bff84fd5f51e054b318f1127517453df1f8c7af","1","TriggerSmartContract","31","0","SUCCESS","Transfer","xyz","6","","","0","1","","202","976"
"33219518787","-5","1658672472000","42683432","TL1_rlnBSbJ8cG6quaCf6T1W0gdNfL1FSk","TL2_6yCq6qFzdBg7XAcc2MTZay6tgrFZpE","9208e3304c7c1cc7cc12bf256de4b2053264055d1f58c08c1b736cb7e962cc31","1","TriggerSmartContract","31","0","SUCCESS","Transfer","xyz","6","","","0","1","","454","570"
"23276333597","-5","1658672572000","42683433","TL0_UIYJAaYSKdRdFPWf6eTEl6c4VBIZ7l","TL1_zrAJlSW3BxWbhzUQBvbE1HVUHxiOYm","a5ea9cd5a0bf0cc31c1700ce03dbaa9a7ed468d45bb2f4427e054b018593bdc7","1","TriggerSmartContract","31","0","SUCCESS","Transfer","xyz","6","","","0","1","","202","984"
"25966291120","-5","1658672672000","42683434","TL3_8I1foqYajoqc28ak9vRQZwL93xMVzl","TL4_aJXjeDQQuTDs3GwLmPpb1yBgLDfngo","fd88589685ac606eed9555fa7ba0189826809a77fbeedb0fcef6f22ad8eef28d","1","TriggerSmartContract","31","0","SUCCESS","Transfer","xyz","6","","","0","1","","156","507"
"26380578628","-5","1658672772000","42683435","TL1_cAhrd4mck9SZCfEmUr3Y3ZmPLbs4J1","TL2_tiUzYXVBKjVqEcCnLvKoKMZbsQWj7R","c9eca7a2e86d8f4cef58182dd9f6734dc77954a6ce4979434060393ba3554829","1","TriggerSmartContract","31","0","SUCCESS","Transfer","xyz","6","","","0","1","","412","889"
"25614985154","-5","1658672872000","42683436","TL1_IKFK0VqP6dTrXhtevphRJUTmko95Om","TL2_53eA6WSKWbtFEitI7YYf8DUPlKClMn","2b0366d562af9ca05565529ea1dae047caa13b2b65a464397f436b4f19276df7","1","TriggerSmartContract","31","0","SUCCESS","Transfer","xyz","6","","","0","1","","491","654"
"35283650807","-5","1658672972000","42683437","TL0_vaosEXnWjQOnfHhhLSspNQQxhU8dCQ","TL1_VfD4h8bUyXdrstR4btiWZPhpGgg4k6","d3135af723b846d7fb37eb8b3b85a792dae690f7c6f2031c1bb37396aab8ebd5","1","TriggerSmartContract","31","0","SUCCESS","Transfer","xyz","6","","","0","1","","162","508"
"36860774103","-5","1658673072000","42683438","TL3_l3b2LqtcekDHFGtxtyWUDELPvxCuW2","TL4_XwmQehWrkHLszju0R4VQFoqJq8to8t","acf617db87fd57c23674899c804dcb48a5b13536472a285a29d044d91e627a5d","1","TriggerSmartContract","31","0","SUCCESS","Transfer","xyz","6","","","0","1","","134","715"
"47096021472","-5","1658673172000","42683439","TL2_KiQjOWGPigo5c5e6Wm6aJTHt4GaI7t","TL3_BzwXtvwR2HDoI9lp0SXLZJy66Pk545","4fdba7c6f9d3797f07f43e11e268e7a3ed51c3fec5885c16b6c3aff993853241","1","TriggerSmartContract","31","0","SUCCESS","Transfer","xyz","6","","","0","1","","284","510"
"32472615093","-5","1658673272000","42683440","TL1_PcqKlNdet4ghE0X8QflyArEpVEJMNe","TL2_DiVcIW3ACfZXJp7lWfUwl42MrSQK7M","99ebb2f1c6aba68a12cd1ff9866bd4be903fda5e562f91b5db54620ea910570c","1","TriggerSmartContract","31","0","SUCCESS","Transfer","xyz","6","","","0","1","","20","785"
"46444723837","-5","1658673372000","42683441","TL3_GyQQ8usssxG3ax3iGWhKwp04TONSac","TL4_gHmECSZgADu6c4XUkYjwcYXXUi6hdE","73d1dbdbb9983a539b052a4ef0d0165f3ab0d744e0f59c4a46298602f8c71142","1","TriggerSmartContract","31","0","SUCCESS","Transfer","xyz","6","","","0","1","","369","734"
"19096884428","-5","1658673472000","42683442","TL0_AUkX7hXbf5sU6URS2kOBxOEJBnFpd9","TL1_x3NfJwA4riffmafYWeuixveABSDwmd","cde366594789454663728773a77410b5ec48bea7781b9cc7472c81999442627f","1","TriggerSmartContract","31","0","SUCCESS","Transfer","xyz","6","","","0","1","","425","649"
"31066581368","-5","1658673572000","42683443","TL3_kK4HWVrkVv7wyzEmRsFgsSeLY1KDYV","TL4_3UeDLBRPnDqKI6DQ1yu7yNA1MTACdh","96918a1cf79ec4054e437e436f210a67c6b4f28c4986f7e69a2329f0585991c0","1","TriggerSmartContract","31","0","SUCCESS","Transfer","xyz","6","","","0","1","","125","509"
"28566296123","-5","1658673672000","42683444","TL2_ApeXZAQBP8SpUzUtIejSZTlRD5ZI6F","TL3_AcZ19Ox3Omq0t5JGwbJkHXryrvFBCJ","a2a16c605e3383e68752523b84e07560c5c5f54967c648813e99a3dc060b902b","1","TriggerSmartContract","31","0","SUCCESS","Transfer","xyz","6","","","0","1","","258","529"
"14392309467","-5","1658673772000","42683445","TL2_Ky7EcI91QSBSXoTJIhCejQEieBOVZ4","TL3_2bvvSH8LdoxIAiNQXunFDMsMU8dvUl","156e09e0007bcd12326f33be4d98ebff25982d1573d852d8bc3d1452928d5788","1","TriggerSmartContract","31","0","SUCCESS","Transfer","xyz","6","","","0","1","","492","910"
"5925531256","-5","1658673872000","42683446","TL0_m1HG4p1UO1vvToY5G5iAyLzXC5zmlx","TL1_HCaeQkJOxQoCyhNFRdkhHLxbZGbnfl","5ab3cd6f42851ef5ded7572198ccead6e25b584d00568f057c44a3457c3f676b","1","TriggerSmartContract","31","0","SUCCESS","Transfer","xyz","6","","","0","1","","53","627"
"13982959415","-5","1658673972000","42683447","TL1_cAhrd4mck9SZCfEmUr3Y3ZmPLbs4J1","TL2_6yCq6qFzdBg7XAcc2MTZay6tgrFZpE","af592cb12032af9e3956933c82b7f02ebbbb7f36808789661bd477de7ced2145","1","TriggerSmartContract","31","0","SUCCESS","Transfer","xyz","6","","","0","1","","175","802"
"14065877380","-5","1658674072000","42683448","TL2_DiVcIW3ACfZXJp7lWfUwl42MrSQK7M","TL3_WS3EgwewkkkOaNXsP99M3Zba7UcK5T","9303485d001ea7320995624cb46b2deb1eb90d97063655fee1fe957f251d6c0c","1","TriggerSmartContract","31","0","SUCCESS","Transfer","xyz","6","","","0","1","","222","745"
"11832288713","-5","1658674172000","42683449","TL1_6neunA32FmCeHYF3oTP5nBoi3nvEfm","TL2_KiQjOWGPigo5c5e6Wm6aJTHt4GaI7t","8d3e899331eef36050b02bf77ff6a4b5d16fd1c1f7203ea39118d59da27e0b4c","1","TriggerSmartContract","31","0","SUCCESS","Transfer","xyz","6","","","0","1","","301","614"
"1521649219","-5","1658674272000","42683450","TL0_HGTGmeE7JpqFjoej0jljS1zgutnNBw","TL1_PcqKlNdet4ghE0X8QflyArEpVEJMNe","8b08e2c2f31bf88f16273b95fcd56438362238259d9db06b044d3db9b8809c04","1","TriggerSmartContract","31","0","SUCCESS","Transfer","xyz","6","","","0","1","","414","649"
"6740272185","-5","1658674372000","42683451","TL3_GyQQ8usssxG3ax3iGWhKwp04TONSac","TL4_Mu6wKFxdp7dqlFAE8GkX8Hqv0VMWHT","eac00c2113868d89b0bf97af17cb02e48202e87ee02945f4deeb4d3d1ac1c1c5","1","TriggerSmartContract","31","0","SUCCESS","Transfer","xyz","6","","","0","1","","287","591"
"40819734174","-5","1658674472000","42683452","TL3_8I1foqYajoqc28ak9vRQZwL93xMVzl","TL4_XcHUYt5TEH6ZuUneVzWQXHg5jmPuvp","75c620a1d66b45ad295b5deae53cefaa19423351f3852e5ea9815d2b2d970d40","1","TriggerSmartContract","31","0","SUCCESS","Transfer","xyz","6","","","0","1","","265","960"
"10936466759","-5","1658674572000","42683453","TL3_nW40NdboHbBmNL2ffVgjSeAcozeOY5","TL4_fLtlECp1Zh2GVrMHEM2l6br6wSSGHq","83ad075dfed4584a964729587ac9bdf34f7da2e78288f7f029a8edc6b7e17255","1","TriggerSmartContract","31","0","SUCCESS","Transfer","xyz","6","","","0","1","","465","611"
"12130451642","-5","1658674672000","42683454","TL4_XwmQehWrkHLszju0R4VQFoqJq8to8t","TL5_UJ2sC8FTzjCugnJhgptTbF0E9lx77s","5440ea3da5e34f4f755e13877a27adeab4945a6658c03693a47ac50e846b9143","1","TriggerSmartContract","31","0","SUCCESS","Transfer","xyz","6","","","0","1","","146","828"
"20450874088","-5","1658674772000","42683455","TL3_kK4HWVrkVv7wyzEmRsFgsSeLY1KDYV","TL4_CnUx2xZlk28Eo4TvJykVjvzKrfgVmO","cd9dfd4aa213546589268cb511af11f70a08db209b0a391e96f8991a4cf628a7","1","TriggerSmartContract","31","0","SUCCESS","Transfer","xyz","6","","","0","1","","179","552"
"12133449546","-5","1658674872000","42683456","TL0_v7iMG98dBARNHX3ADfdqjJrA07Bb7g","TL1_zrAJlSW3BxWbhzUQBvbE1HVUHxiOYm","eabb2d7370e36c37716038590977389ea61ad5a34db198ba2409ead85fa65997","1","TriggerSmartContract","31","0","SUCCESS","Transfer","xyz","6","","","0","1","","426","928"
"16132509214","-5","1658674972000","42683457","TL0_tGzjrZ4EcEO4cCG8JvIlDtxeyC7fay","TL1_rlnBSbJ8cG6quaCf6T1W0gdNfL1FSk","ec69dd87e7475902020a706a08535097da58387c59c15c74d6885f20543bbc2e","1","TriggerSmartContract","31","0","SUCCESS","Transfer","xyz","6","","","0","1","","395","599"
"40561424372","-5","1658675072000","42683458","TL3_l3b2LqtcekDHFGtxtyWUDELPvxCuW2","TL4_vRLoLJ8UtHnMdfLBRTeRQ8Njpywwsn","d2f33ba49eaa2a7443becb648ded830392031abed9be8ca3d401029443641a2d","1","TriggerSmartContract","31","0","SUCCESS","Transfer","xyz","6","","","0","1","","88","565"
"41231334491","-5","1658675172000","42683459","TL4_VW0TCxQ5JJvkTAnSYDcvTOj9kSoa4z","TL5_XdxW2Cq3uRHNRyISlA97L0IaIOv8To","ed4b9086bb57dc7ee1a4ba98793715b1655aa5813aa845e3ad1f2eab722a24a4","1","TriggerSmartContract","31","0","SUCCESS","Transfer","xyz","6","","","0","1","","370","959"
"3920488689","-5","1658675272000","42683460","TL4_iLNljSLqHDrvy2OJXZ1aAKh1opzbni","TL5_j6uZTzEKajmJGRj7WIjOvoGronOfd5","0fe3c23fc01c4bf7b021b463550e070e8fa6782845d0b54c49e68c7728f18b88","1","TriggerSmartContract","31","0","SUCCESS","Transfer","xyz","6","","","0","1","","450","845"
"41024132732","-5","1658675372000","42683461","TL1_5FuqPHn4fJVcIzFEZNvDvRfZ3Tl9iD","TL2_Ky7EcI91QSBSXoTJIhCejQEieBOVZ4","4d265c1f2c648f609ec7bbae3b58c672e61f48842e9cc315d353674f5dbedb33","1","TriggerSmartContract","31","0","SUCCESS","Transfer","xyz","6","","","0","1","","238","729"
"21467766118","-5","1658675472000","42683462","TL0_tGzjrZ4EcEO4cCG8JvIlDtxeyC7fay","TL1_HCaeQkJOxQoCyhNFRdkhHLxbZGbnfl","2a7bfd2894e20a134ed6007c232a73a412986cbe41b0111bcc7c79880dad5373","1","TriggerSmartContract","31","0","SUCCESS","Transfer","xyz","6","","","0","1","","207","957"
"10006950316","-5","1658675572000","42683463","TL0_P7Bo0mPb6BJYOk8JXckQQYUToiZexJ","TL1_bVUrn6C2uLGeY1CAa8wJXXF3GZ8aJp","5e73e0de357918e9df91f3af4268bab386a325f828060bb5ae86527e83afc53d","1","TriggerSmartContract","31","0","SUCCESS","Transfer","xyz","6","","","0","1","","19","615"
"27983167334","-5","1658675672000","42683464","TL4_WIt2I7mJrXpuhXvbC6vL27aLq7Q4KE","TL5_XdxW2Cq3uRHNRyISlA97L0IaIOv8To","fd709174a5f1bef79ec8e2bc5b068066a75c366dc7f133e1f049e5522230de48","1","TriggerSmartContract","31","0","SUCCESS","Transfer","xyz","6","","","0","1","","344","953"
"43371704452","-5","1658675772000","42683465","TL3_4TTZRMskZR8mYUkAItGx0pRwsqFwzp","TL4_AbKZGsHLjzj7ZoG6g7xWjXxw3eYJFs","62fc5b2e1a9b89404d1013f7d23e60d46d9d1e3d08b61d99718f512ca1f1253a","1","TriggerSmartContract","31","0","SUCCESS","Transfer","xyz","6","","","0","1","","263","797"
"30867522741","-5","1658675872000","42683466","TL3_SzTnP2oj6C3s3IPmKr6GhrSTxoqBMW","TL4_CnUx2xZlk28Eo4TvJykVjvzKrfgVmO","09f667d4275ed39d5c858a04cc5b8872cebb1a986adf0076749b3df2c0459b10","1","TriggerSmartContract","31","0","SUCCESS","Transfer","xyz","6","","","0","1","","405","552"
"49325191191","-5","1658675972000","42683467","TL4_iLNljSLqHDrvy2OJXZ1aAKh1opzbni","TL5_EAqXtPd5gWMyYyLJF51AmjRNxU6PzM","4ade503a7759a31789c58fb30fbff497d6d697d4b77feb68228c0e89b74fa917","1","TriggerSmartContract","31","0","SUCCESS","Transfer","xyz","6","","","0","1","","402","717"
"21564115814","-5","1658676072000","42683468","TL4_l5qADKVYMXHlIPHgLpxnNi0WCrqUle","TL5_hiIp6n8QyrqpEziFXFKcn6GL0koxPp","23650cdf5ee842cbf3719b1f8b548fb850cc585001ab909d74d3dd016efc8832","1","TriggerSmartContract","31","0","SUCCESS","Transfer","xyz","6","","","0","1","","361","719"
"42487994370","-5","1658676172000","42683469","TL0_iMF3oRaX5T6BX0f06IgJ5JpdQfkDxf","TL1_PcqKlNdet4ghE0X8QflyArEpVEJMNe","62f5c8ae90d8a9d1c428d0cd7f1f501f222e25d8a848ee4334a7cbde6ed263e8","1","TriggerSmartContract","31","0","SUCCESS","Transfer","xyz","6","","","0","1","","337","579"
"11160865814","-5","1658676272000","42683470","TL2_BDMIpWCWhuISMUbPFZJ1tJ5FjXAMGT","TL3_vOzxmxLWFqbCrASvyroNY8ihaRFA1y","49da687cb79b2fa50cc2403085ca854676e760b47709dcd39a005dd75fc16655","1","TriggerSmartContract","31","0","SUCCESS","Transfer","xyz","6","","","0","1","","105","966"
"3520997999","-5","1658676372000","42683471","TL2_ER9WRoc3sQjYEo65y8a7fOmj5QwIDV","TL3_WS3EgwewkkkOaNXsP99M3Zba7UcK5T","63684b553deba67b810dd7327ae5e651e86c6a7e419dfc2bf5aff8f5c1ed6889","1","TriggerSmartContract","31","0","SUCCESS","Transfer","xyz","6","","","0","1","","167","533"
"15741051684","-5","1658676472000","42683472","TL0_dNNxGENHilYNxaLDX1ZGAOdpsX6mBl","TL1_1KB6onzAO1EjCyHvtr6mY1xlgsC9QJ","c8a3c5e158e1953db7eaf3106415fe0246aa3fff13d138fbc93fd0c49c9a83d8","1","TriggerSmartContract","31","0","SUCCESS","Transfer","xyz","6","","","0","1","","398","668"
"37775998136","-5","1658676572000","42683473","TL3_ojraCqvyswEfxVcwEmhoqU1de4eGDo","TL4_fLtlECp1Zh2GVrMHEM2l6br6wSSGHq","f0bc9ceb5717ef8816da7cb66d1197b6db5a8daf0e7a1e443f24a27abb8cae94","1","TriggerSmartContract","31","0","SUCCESS","Transfer","xyz","6","","","0","1","","376","792"
"38805672059","-5","1658676672000","42683474","TL1_rlnBSbJ8cG6quaCf6T1W0gdNfL1FSk","TL2_Ky7EcI91QSBSXoTJIhCejQEieBOVZ4","5dc65d69e27799ebbc496f799c88667384e6f7888e47b9223fa29020c5ea40ce","1","TriggerSmartContract","31","0","SUCCESS","Transfer","xyz","6","","","0","1","","367","673"
"24000680199","-5","1658676772000","42683475","TL1_USrap094dSP0A2fbpBRN979ck4X47Y","TL2_gViXSgEX773nnQ3pYXlcBwJ4Xr27FJ","a8cc2a3040f098f3779eb04f05c950eaa13a5f9a8445a3f63c5898a49eb6116e","1","TriggerSmartContract","31","0","SUCCESS","Transfer","xyz","6","","","0","1","","450","638"
"38157418262","-5","1658676872000","42683476","TL0_yG9OXG4LxA2Euv6Nzu7VKu6dnFxb6W","TL1_IKFK0VqP6dTrXhtevphRJUTmko95Om","aac962d2121545a245105f58a02e7031a4d57fabf8a3c7205bd47bdee2a03285","1","TriggerSmartContract","31","0","SUCCESS","Transfer","xyz","6","","","0","1","","170","576"
"25281313841","-5","1658676972000","42683477","TL4_AbAsVCu8KJI1AYOPk1n35E6YSlyFiW","TL5_Hm02PXoLObpPocHp6vjBmJ3lSRVB74","d287ccdcbcf639661c6c3eac24491d067097395e96a7fe6f52e4a9aa90d1460b","1","TriggerSmartContract","31","0","SUCCESS","Transfer","xyz","6","","","0","1","","155","844"
"48116275746","-5","1658677072000","42683478","TL2_KiQjOWGPigo5c5e6Wm6aJTHt4GaI7t","TL3_AcZ19Ox3Omq0t5JGwbJkHXryrvFBCJ","46d9e725b8fc27083923c6c05fe1beedfb1fd9475873cb84d6c9e075811ce8c1","1","TriggerSmartContract","31","0","SUCCESS","Transfer","xyz","6","","","0","1","","114","599"
"49378085106","-5","1658677172000","42683479","TL3_PHlKp2OVI7duPLZvJZ2eVC6p3RamTL","TL4_AbKZGsHLjzj7ZoG6g7xWjXxw3eYJFs","81b9bd09fa74710dc49c3f3dfb48fc8176963c31d273b5b963f8ac0b4c4a60bc","1","TriggerSmartContract","31","0","SUCCESS","Transfer","xyz","6","","","0","1","","403","607"
"20290477433","-5","1658677272000","42683480","TL4_KBFzsI5RRQWJZDZnP5zvcw9dzSbkNy","TL5_RuTdm7ZGJjsjLaI5Hek98230GeJ33I","44931e009d781a599b3b0e730e466fbbf20abb5e2ab360a33a21c79c315c0069","1","TriggerSmartContract","31","0","SUCCESS","Transfer","xyz","6","","","0","1","","422","723"
"16588518053","-5","1658677372000","42683481","TL1_HCaeQkJOxQoCyhNFRdkhHLxbZGbnfl","TL2_Ky7EcI91QSBSXoTJIhCejQEieBOVZ4","04b1327d9be5c7ea0256c32800f1d89b860fd44aa4ea1805b3d593911b893df1","1","TriggerSmartContract","31","0","SUCCESS","Transfer","xyz","6","","","0","1","","256","954"
"33544265715","-5","1658677472000","42683482","TL3_SzTnP2oj6C3s3IPmKr6GhrSTxoqBMW","TL4_gHmECSZgADu6c4XUkYjwcYXXUi6hdE","11810a5e3b8920d42bdd1143ab4d870bb9a8e084eecb1762bc49e0404a62cfa7","1","TriggerSmartContract","31","0","SUCCESS","Transfer","xyz","6","","","0","1","","477","711"
"39748542599","-5","1658677572000","42683483","TL1_1KB6onzAO1EjCyHvtr6mY1xlgsC9QJ","TL2_GvJSCMjlXgOkTBjoxC5qVT5RpR6ckl","e875a6d0468e11457863dc6b23ca9e6c9754a9d9b40e1f25d283ec59091fd770","1","TriggerSmartContract","31","0","SUCCESS","Transfer","xyz","6","","","0","1","","14","814"
"34225975500","-5","1658677672000","42683484","TL1_x3NfJwA4riffmafYWeuixveABSDwmd","TL2_KiQjOWGPigo5c5e6Wm6aJTHt4GaI7t","bf6c1fd0cc13114cd30e6f39c9b4673b175b528fbf915f84fb6cf90076e2d191","1","TriggerSmartContract","31","0","SUCCESS","Transfer","xyz","6","","","0","1","","233","599"
"28877909140","-5","1658677772000","42683485","TL4_kxsyrx8U8tKiuECnHQBglQw200pLGW","TL5_7uwku1ryKfIXoMlRjuKXCkWtY52U4G","d585d0c72091e39d1b7b89a7c89e6bde402f5d8e609ec266344168138ddfe3cd","1","TriggerSmartContract","31","0","SUCCESS","Transfer","xyz","6","","","0","1","","265","598"
"49047323137","-5","1658677872000","42683486","TL0_VR733hBdsRSMzHPGHzIcE2Jj1E6gLM","TL1_x3NfJwA4riffmafYWeuixveABSDwmd","d68ce1849be936897e3b8cbb44b83c09dfeb7c1980757f179f463c71870c3525","1","TriggerSmartContract","31","0","SUCCESS","Transfer","xyz","6","","","0","1","","50","830"
"43181886544","-5","1658677972000","42683487","TL1_zrAJlSW3BxWbhzUQBvbE1HVUHxiOYm","TL2_ApeXZAQBP8SpUzUtIejSZTlRD5ZI6F","fc76df6e540d0e5498fd49a7bb44e5218fa2b03afe336ac0b1fe749f5f2ca0a1","1","TriggerSmartContract","31","0","SUCCESS","Transfer","xyz","6","","","0","1","","371","744"
"11606540193","-5","1658678072000","42683488","TL0_SFTAEtWzP8jRL2FCESTq50fMxEZg3e","TL1_6WrFZvSTfPkYlvIFhF6eyZVdxUSG4H","201216730333c698ab1d6d185cf61f1466eee342df240a493817ea8363303979","1","TriggerSmartContract","31","0","SUCCESS","Transfer","xyz","6","","","0","1","","341","982"
"15068158371","-5","1658678172000","42683489","TL1_latjpyDDXmOa54jmpMtGehNZ5g6zjx","TL2_gViXSgEX773nnQ3pYXlcBwJ4Xr27FJ","0741300d23d61a45eeaf91465b2b994ae514473ac7e8c4307481ddff70917305","1","TriggerSmartContract","31","0","SUCCESS","Transfer","xyz","6","","","0","1","","113","874"
"34416255927","-5","1658678272000","42683490","TL4_aJXjeDQQuTDs3GwLmPpb1yBgLDfngo","TL5_7uwku1ryKfIXoMlRjuKXCkWtY52U4G","b5500b3e0ee60d8817bf650965e641863de7b36a92933f4d777c6db113b2b030","1","TriggerSmartContract","31","0","SUCCESS","Transfer","xyz","6","","","0","1","","271","953"
"39317036185","-5","1658678372000","42683491","TL0_dNNxGENHilYNxaLDX1ZGAOdpsX6mBl","TL1_xMH0GYoyXNLNLRhlLtwSUtl9x8PHUh","9d01bf78f6f1cb6ff2347ec7ad476042dc7d7c8f2a901f6087c01a39950168db","1","TriggerSmartContract","31","0","SUCCESS","Transfer","xyz","6","","","0","1","","138","538"
"33069476390","-5","1658678472000","42683492","TL1_cAhrd4mck9SZCfEmUr3Y3ZmPLbs4J1","TL2_Ky7EcI91QSBSXoTJIhCejQEieBOVZ4","faf169022a8768deb6abe3ecb972e019d014002fe3116a36a4f8447acdc7b1fa","1","TriggerSmartContract","31","0","SUCCESS","Transfer","xyz","6","","","0","1","","405","641"
"44359379375","-5","1658678572000","42683493","TL0_P7Bo0mPb6BJYOk8JXckQQYUToiZexJ","TL1_sA88V1iQXNZN9Q1W9J1BK3xTnoXSP8","a24ec99e7fd91cebdd9a37e890ef160704c3c1cb5f0f846f25a3eec628dcf0e2","1","TriggerSmartContract","31","0","SUCCESS","Transfer","xyz","6","","","0","1","","422","540"
"46198386764","-5","1658678672000","42683494","TL0_P7Bo0mPb6BJYOk8JXckQQYUToiZexJ","TL1_cAhrd4mck9SZCfEmUr3Y3ZmPLbs4J1","43bc7434a374b90652c0ef7d9134a78ef59adddb2cf1eb4bb003a19365939bd3","1","TriggerSmartContract","31","0","SUCCESS","Transfer","xyz","6","","","0","1","","239","504"
"32363222844","-5","1658678772000","42683495","TL3_l3b2LqtcekDHFGtxtyWUDELPvxCuW2","TL4_aJXjeDQQuTDs3GwLmPpb1yBgLDfngo","fa5fdeabe89c78870448c24af0d6a62183f73092f6bdc9d262f32b161307088d","1","TriggerSmartContract","31","0","SUCCESS","Transfer","xyz","6","","","0","1","","75","778"
"15029187310","-5","1658678872000","42683496","TL0_NhuaT4tSKAC9rG1UI941POz9JwRoPG","TL1_FZmAxOTkGq0M3ZRf9yIxwTOhr09xnb","a04fc10da35bb84b3e0b4b1c30d42bcb491fbab7bad5764c7e63dfe010366e59","1","TriggerSmartContract","31","0","SUCCESS","Transfer","xyz","6","","","0","1","","297","839"
"11861575583","-5","1658678972000","42683497","TL1_FZmAxOTkGq0M3ZRf9yIxwTOhr09xnb","TL2_tiUzYXVBKjVqEcCnLvKoKMZbsQWj7R","ac73cc6f4c930d72b560c1c33cca52dcb4d220cd582d87ce938e6cdc9ea9dd9d","1","TriggerSmartContract","31","0","SUCCESS","Transfer","xyz","6","","","0","1","","84","885"
"2203448046","-5","1658679072000","42683498","TL0_dNNxGENHilYNxaLDX1ZGAOdpsX6mBl","TL1_xMH0GYoyXNLNLRhlLtwSUtl9x8PHUh","d40644c507a253848f200fe2c7d31424e21075085941802f39667fbc9922d178","1","TriggerSmartContract","31","0","SUCCESS","Transfer","xyz","6","","","0","1","","399","850"
"27576128889","-5","1658679172000","42683499","TL3_xhpf4FokZfCokzanP1ozDGWJTAkl6o","TL4_AbKZGsHLjzj7ZoG6g7xWjXxw3eYJFs","8f4bad3e8d210e116bb09162f3231daa5f081e304f330086b9fa4874a6beda9e","1","TriggerSmartContract","31","0","SUCCESS","Transfer","xyz","6","","","0","1","","87","692"
"7230100629","-5","1658679272000","42683500","TL3_AcZ19Ox3Omq0t5JGwbJkHXryrvFBCJ","TL4_Mu6wKFxdp7dqlFAE8GkX8Hqv0VMWHT","ca7fab49c70eb8a007ed243d8ad6d3b7e0e8dc7a7eaa27ebc56ab5017238af44","1","TriggerSmartContract","31","0","SUCCESS","Transfer","xyz","6","","","0","1","","183","678"
"49907386125","-5","1658679372000","42683501","TL2_JrpCVnYdEEm3pLDvBImppMEQWC47Xc","TL3_2bvvSH8LdoxIAiNQXunFDMsMU8dvUl","e651b5efc674ef99d00aac211c20edef15a436cc39e032ddc414b9f5dd4aca59","1","TriggerSmartContract","31","0","SUCCESS","Transfer","xyz","6","","","0","1","","108","542"
"8278172926","-5","1658679472000","42683502","TL4_tipNwop6pMZUXTaM8t9rRaxF1WKz7R","TL5_YAdrZI5Sy1LMLIQSSUEmMEQeoiz08Y","a48cf1f036545df252cfa1dc51db0a94d36203158f4cdc70039b1e10a9e0bfe6","1","TriggerSmartContract","31","0","SUCCESS","Transfer","xyz","6","","","0","1","","33","646"
"36271216669","-5","1658679572000","42683503","TL1_latjpyDDXmOa54jmpMtGehNZ5g6zjx","TL2_Bv09ezcTdU6daGBiMXPD53dmS1Jh66","f36bf4732dd5aaaf1440f15850dec449dabd62b4719ba44be05615ea1ed0fae7","1","TriggerSmartContract","31","0","SUCCESS","Transfer","xyz","6","","","0","1","","191","968"
"48084402752","-5","1658679672000","42683504","TL3_ojraCqvyswEfxVcwEmhoqU1de4eGDo","TL4_fLtlECp1Zh2GVrMHEM2l6br6wSSGHq","0f4f0c0ab2c85d34f18df5080ce7bf6ec7b2626ceee918d288f0ad2c44af87f7","1","TriggerSmartContract","31","0","SUCCESS","Transfer","xyz","6","","","0","1","","440","839"
"14546394024","-5","1658679772000","42683505","TL1_cAhrd4mck9SZCfEmUr3Y3ZmPLbs4J1","TL2_gViXSgEX773nnQ3pYXlcBwJ4Xr27FJ","93298741049b91e114f98abf3e699d13482780898496e9ba9ec7162ad41b3647","1","TriggerSmartContract","31","0","SUCCESS","Transfer","xyz","6","","","0","1","","180","793"
"820210336","-5","1658679872000","42683506","TL3_nW40NdboHbBmNL2ffVgjSeAcozeOY5","TL4_KBFzsI5RRQWJZDZnP5zvcw9dzSbkNy","6fc31ee5325566b9c996df114b8903155335600e3528817078e4f621d3718450","1","TriggerSmartContract","31","0","SUCCESS","Transfer","xyz","6","","","0","1","","304","969"
"27757651894","-5","1658679972000","42683507","TL1_zrAJlSW3BxWbhzUQBvbE1HVUHxiOYm","TL2_6954LHjM4oYDXJuKKdw5VeTXKjqT6p","f20be35bf6c41aca2b349db37d6790e1fee20e93ba0fa28e27393f13257bdd35","1","TriggerSmartContract","31","0","SUCCESS","Transfer","xyz","6","","","0","1","","170","728"
"8628842987","-5","1658680072000","42683508","TL2_Ky7EcI91QSBSXoTJIhCejQEieBOVZ4","TL3_AcZ19Ox3Omq0t5JGwbJkHXryrvFBCJ","fd3abd14632fa4767c7e5bfaaf85cbd411fee0c45e64f7166993b9dbd72b2fa1","1","TriggerSmartContract","31","0","SUCCESS","Transfer","xyz","6","","","0","1","","299","884"
"37486743364","-5","1658680172000","42683509","TL2_BWsuLrWVniHeaW8LUTouPCjmBWaSDg","TL3_71uqKaxZQApGGLB4rQCMBK6ercZ41r","607a611d736a5f8587ad97631af00f6ed32ab502fe6627e2965d517e9d614aef","1","TriggerSmartContract","31","0","SUCCESS","Transfer","xyz","6","","","0","1","","293","566"
"1629401586","-5","1658680272000","42683510","TL3_RXQ9RH0C9jgW9mObYejFu3yGD3qHhe","TL4_fLtlECp1Zh2GVrMHEM2l6br6wSSGHq","68b5f6aae95970748d88064c10b83708fafb038b521950a69e3da18a42a4fdd8","1","TriggerSmartContract","31","0","SUCCESS","Transfer","xyz","6","","","0","1","","104","947"
"1096288680","-5","1658680372000","42683511","TL2_JrpCVnYdEEm3pLDvBImppMEQWC47Xc","TL3_PHlKp2OVI7duPLZvJZ2eVC6p3RamTL","7946772507234a6c0d18b68677e349dae1c596871e1d045371d3f66d2ae1f1a7","1","TriggerSmartContract","31","0","SUCCESS","Transfer","xyz","6","","","0","1","","180","893"
"5022996935","-5","1658680472000","42683512","TL0_9QhFhNnfvCJIUinPzs5JmaLDyfVRGR","TL1_cAhrd4mck9SZCfEmUr3Y3ZmPLbs4J1","0f41a7ac2bffe0582b682232860d131b4ce4b15002e832da8ce099eac9c13241","1","TriggerSmartContract","31","0","SUCCESS","Transfer","xyz","6","","","0","1","","299","716"
"861686669","-5","1658680572000","42683513","TL4_iLNljSLqHDrvy2OJXZ1aAKh1opzbni","TL5_EAqXtPd5gWMyYyLJF51AmjRNxU6PzM","5ef5f5f3f30571cfd3f9c9dc25dd7c85c14a3024afa5e09ec19cbadd53d60e10","1","TriggerSmartContract","31","0","SUCCESS","Transfer","xyz","6","","","0","1","","484","593"
"1888090001","-5","1658680672000","42683514","TL0_AUkX7hXbf5sU6URS2kOBxOEJBnFpd9","TL1_bVUrn6C2uLGeY1CAa8wJXXF3GZ8aJp","7d40b4069036eeb85b5b90c05814868e1426c7bbef3457460e4357a8b36b3ab1","1","TriggerSmartContract","31","0","SUCCESS","Transfer","xyz","6","","","0","1","","262","888"
"45118471037","-5","1658680772000","42683515","TL4_uN3W0hFXmfEaybXpjHesbNSi5xJZSp","TL5_Hm02PXoLObpPocHp6vjBmJ3lSRVB74","767efa77bc4d327eb052e630837f0f8c78fcb009b6c86ccac51a4438d8fc9915","1","TriggerSmartContract","31","0","SUCCESS","Transfer","xyz","6","","","0","1","","293","784"
"15763062673","-5","1658680872000","42683516","TL3_WS3EgwewkkkOaNXsP99M3Zba7UcK5T","TL4_fLtlECp1Zh2GVrMHEM2l6br6wSSGHq","1f696cfb4877a53cc7d14733d58c462c1e2f1daf5e56eeb59aae527ede244479","1","TriggerSmartContract","31","0","SUCCESS","Transfer","xyz","6","","","0","1","","374","602"
"19279720347","-5","1658680972000","42683517","TL1_HCaeQkJOxQoCyhNFRdkhHLxbZGbnfl","TL2_53eA6WSKWbtFEitI7YYf8DUPlKClMn","2ab57c5a0e5b2c7bfc1c0e796fb11d8ad6c5cd04a0605ec7e5f6fad6d01622e1","1","TriggerSmartContract","31","0","SUCCESS","Transfer","xyz","6","","","0","1","","223","681"
"9797121333","-5","1658681072000","42683518","TL2_plRFT77Ak9CZ13W0MEZKXV30XhwKAi","TL3_ojraCqvyswEfxVcwEmhoqU1de4eGDo","2edc8d604df0e4f652504f71ad9c2a4733c7331506d56a0e7fbd9b9c16dee5f9","1","TriggerSmartContract","31","0","SUCCESS","Transfer","xyz","6","","","0","1","","388","675"
"28920818031","-5","1658681172000","42683519","TL1_179hEwOYz45YPSoXjjHlSzxZ17tsih","TL2_tiUzYXVBKjVqEcCnLvKoKMZbsQWj7R","3cfca47fc740307bfdbc67b2e4f2339e4c6c76152d2d9393efc9fd94c04dc70d","1","TriggerSmartContract","31","0","SUCCESS","Transfer","xyz","6","","","0","1","","207","688"
"38978405211","-5","1658681272000","42683520","TL3_BzwXtvwR2HDoI9lp0SXLZJy66Pk545","TL4_WIt2I7mJrXpuhXvbC6vL27aLq7Q4KE","4e4bbea90736da6f6b73e80e349643ff3704646e5293ceb5e8a29c08d7e929fc","1","TriggerSmartContract","31","0","SUCCESS","Transfer","xyz","6","","","0","1","","258","820"
"18879369179","-5","1658681372000","42683521","TL3_8I1foqYajoqc28ak9vRQZwL93xMVzl","TL4_3UeDLBRPnDqKI6DQ1yu7yNA1MTACdh","5bd3ce154dcebf4548789c5a9ddc085175555e68270f5d55b25fa4ec32aa5ed3","1","TriggerSmartContract","31","0","SUCCESS","Transfer","xyz","6","","","0","1","","373","719"
"34770308392","-5","1658681472000","42683522","TL1_5FuqPHn4fJVcIzFEZNvDvRfZ3Tl9iD","TL2_gViXSgEX773nnQ3pYXlcBwJ4Xr27FJ","7c6ca6e36e48f2e572a5385571cc30995c7e74189bcf5e2e93b478764cc40c5f","1","TriggerSmartContract","31","0","SUCCESS","Transfer","xyz","6","","","0","1","","451","722"
"13195709524","-5","1658681572000","42683523","TL4_aJXjeDQQuTDs3GwLmPpb1yBgLDfngo","TL5_XdxW2Cq3uRHNRyISlA97L0IaIOv8To","90680a6efb243940f067f7f8992a814590d3df00e3f0ef068050d4b27dd5a045","1","TriggerSmartContract","31","0","SUCCESS","Transfer","xyz","6","","","0","1","","42","588"
"38058436371","-5","1658681672000","42683524","TL0_v7iMG98dBARNHX3ADfdqjJrA07Bb7g","TL1_5FuqPHn4fJVcIzFEZNvDvRfZ3Tl9iD","2c90c528bbcfb720b0e29fb62955baa389570b60973aec6291b2ef08cc7e32b8","1","TriggerSmartContract","31","0","SUCCESS","Transfer","xyz","6","","","0","1","","85","768"
"9555968544","-5","1658681772000","42683525","TL1_xMH0GYoyXNLNLRhlLtwSUtl9x8PHUh","TL2_6954LHjM4oYDXJuKKdw5VeTXKjqT6p","2056cf0b41bf3dce5ff67c80be8f367522afd09b46cf7c324a5bc0bea5d415c3","1","TriggerSmartContract","31","0","SUCCESS","Transfer","xyz","6","","","0","1","","381","568"
"20012343146","-5","1658681872000","42683526","TL3_RXQ9RH0C9jgW9mObYejFu3yGD3qHhe","TL4_l5qADKVYMXHlIPHgLpxnNi0WCrqUle","ebdf3850f609b8d9a25a7802ef89dce84e80ccfbea4d7d6d9a6290466a580ced","1","TriggerSmartContract","31","0","SUCCESS","Transfer","xyz","6","","","0","1","","247","977"
"35323764303","-5","1658681972000","42683527","TL3_l3b2LqtcekDHFGtxtyWUDELPvxCuW2","TL4_KBFzsI5RRQWJZDZnP5zvcw9dzSbkNy","86b2b7c21f37d6c211d7b778c3d00b5bc75e319288937c36c44dd4493452299a","1","TriggerSmartContract","31","0","SUCCESS","Transfer","xyz","6","","","0","1","","411","880"
"5318931435","-5","1658682072000","42683528","TL3_RXQ9RH0C9jgW9mObYejFu3yGD3qHhe","TL4_fLtlECp1Zh2GVrMHEM2l6br6wSSGHq","57ba42f04d95df1c25c7ddac451c3c54d137a1ddeb76e33dc8b8e00a2d2aad53","1","TriggerSmartContract","31","0","SUCCESS","Transfer","xyz","6","","","0","1","","411","859"
"14966064050","-5","1658682172000","42683529","TL3_SzTnP2oj6C3s3IPmKr6GhrSTxoqBMW","TL4_uN3W0hFXmfEaybXpjHesbNSi5xJZSp","1627cf132d43bc00e09ff735fa3bd6c85c18b697572e11cd998dcbefc176e77e","1","TriggerSmartContract","31","0","SUCCESS","Transfer","xyz","6","","","0","1","","215","655"
"20089976849","-5","1658682272000","42683530","TL1_VfD4h8bUyXdrstR4btiWZPhpGgg4k6","TL2_WX5eVqRKEd4D8qJcHyRH0xTZ1IeGtd","5535546798f4a5d5c430ad1a75b62b29c37c54aa996d495562aa88e69c3c4270","1","TriggerSmartContract","31","0","SUCCESS","Transfer","xyz","6","","","0","1","","53","530"
"5023413213","-5","1658682372000","42683531","TL4_uN3W0hFXmfEaybXpjHesbNSi5xJZSp","TL5_Emuhu5q9fJfUjAtptQKUNEFQDRjWn9","e9e2389336f66d4f71d608de3b5f33832471acdf0df9de14fdad5042b3bef751","1","TriggerSmartContract","31","0","SUCCESS","Transfer","xyz","6","","","0","1","","432","903"
"8447488505","-5","1658682472000","42683532","TL0_HGTGmeE7JpqFjoej0jljS1zgutnNBw","TL1_latjpyDDXmOa54jmpMtGehNZ5g6zjx","e65a458779308f94bb6f8da5cec1cc2ceb43ad51c71192338b3642bdf8983cb8","1","TriggerSmartContract","31","0","SUCCESS","Transfer","xyz","6","","","0","1","","326","677"
"30613447219","-5","1658682572000","42683533","TL4_XwmQehWrkHLszju0R4VQFoqJq8to8t","TL5_09ATntxXgLI5BseChRpOXMy9Rrtyop","c6ff6f83ac49f6fa430a8143cfba849a9ac899464ad1844935c9e9aaa1a66ed3","1","TriggerSmartContract","31","0","SUCCESS","Transfer","xyz","6","","","0","1","","453","850"
"19306650","-5","1658682672000","42683534","TL1_FZmAxOTkGq0M3ZRf9yIxwTOhr09xnb","TL2_ApeXZAQBP8SpUzUtIejSZTlRD5ZI6F","9cf53c3d1ec104fe5a50ea32569f71a0dc82c11dd185c262d8ef93cab76bb9dd","1","TriggerSmartContract","31","0","SUCCESS","Transfer","xyz","6","","","0","1","","260","514"
"25317847101","-5","1658682772000","42683535","TL2_gViXSgEX773nnQ3pYXlcBwJ4Xr27FJ","TL3_SzTnP2oj6C3s3IPmKr6GhrSTxoqBMW","bb6658627192c0031bd7f217819c3cf9091bd79c213ddd499622e217e5c0f8d2","1","TriggerSmartContract","31","0","SUCCESS","Transfer","xyz","6","","","0","1","","375","683"
"18990454680","-5","1658682872000","42683536","TL2_6yCq6qFzdBg7XAcc2MTZay6tgrFZpE","TL3_8I1foqYajoqc28ak9vRQZwL93xMVzl","72a051bfe533992d53b8bed8a4800afc5591ce76d8d4e7079c88922e21a3ff1b","1","TriggerSmartContract","31","0","SUCCESS","Transfer","xyz","6","","","0","1","","7","799"
"23235991647","-5","1658682972000","42683537","TL1_x3NfJwA4riffmafYWeuixveABSDwmd","TL2_Bv09ezcTdU6daGBiMXPD53dmS1Jh66","3d4b33db2b8f961b78f9b1c3b3c6e02aa05aceb531bd6823c7d9eb6197e8872a","1","TriggerSmartContract","31","0","SUCCESS","Transfer","xyz","6","","","0","1","","129","659"
"18428530117","-5","1658683072000","42683538","TL1_xMH0GYoyXNLNLRhlLtwSUtl9x8PHUh","TL2_ApeXZAQBP8SpUzUtIejSZTlRD5ZI6F","36c1e64011a9c8a43a334ee550e42d9d277c37e3d162ac8354e15bc3e388a995","1","TriggerSmartContract","31","0","SUCCESS","Transfer","xyz","6","","","0","1","","162","997"
"23655166390","-5","1658683172000","42683539","TL4_vRLoLJ8UtHnMdfLBRTeRQ8Njpywwsn","TL5_Emuhu5q9fJfUjAtptQKUNEFQDRjWn9","8bec9b157d5810e715e031c9044c9541ff67d0446ffc91f1669d07f313226f5a","1","TriggerSmartContract","31","0","SUCCESS","Transfer","xyz","6","","","0","1","","29","544"
"25760335788","-5","1658683272000","42683540","TL3_AcZ19Ox3Omq0t5JGwbJkHXryrvFBCJ","TL4_aJXjeDQQuTDs3GwLmPpb1yBgLDfngo","4e340653718a8d22d617b2342d33699650f92cfdc1fb1f96866d070be4910f1c","1","TriggerSmartContract","31","0","SUCCESS","Transfer","xyz","6","","","0","1","","278","846"
"10173813381","-5","1658683372000","42683541","TL1_USrap094dSP0A2fbpBRN979ck4X47Y","TL2_Ky7EcI91QSBSXoTJIhCejQEieBOVZ4","21e5de59326208ca24bb3a39172594ccfbdc5594b6df216ce65241114b472b1c","1","TriggerSmartContract","31","0","SUCCESS","Transfer","xyz","6","","","0","1","","420","854"
"30053544114","-5","1658683472000","42683542","TL3_BzwXtvwR2HDoI9lp0SXLZJy66Pk545","TL4_XwmQehWrkHLszju0R4VQFoqJq8to8t","311beb59ba0b86914465c4c8d73fb36c172ecb27e8d9280f3c3f9c16c3df9781","1","TriggerSmartContract","31","0","SUCCESS","Transfer","xyz","6","","","0","1","","444","652"
"39862433410","-5","1658683572000","42683543","TL3_rn5fyj5a3PDPOXVlOqzSUtYLhMlYiZ","TL4_tipNwop6pMZUXTaM8t9rRaxF1WKz7R","ba959ef50620698dad5546cdc7ba7693c5ed5ce870488817d90aabd24a80d21b","1","TriggerSmartContract","31","0","SUCCESS","Transfer","xyz","6","","","0","1","","195","796"
"25134197858","-5","1658683672000","42683544","TL1_HCaeQkJOxQoCyhNFRdkhHLxbZGbnfl","TL2_KiQjOWGPigo5c5e6Wm6aJTHt4GaI7t","bdca6f3f86c7ffca596cd392729fb3b2f5739a97de6cb2c4afa4daf698de6c1e","1","TriggerSmartContract","31","0","SUCCESS","Transfer","xyz","6","","","0","1","","200","592"
"27058860472","-5","1658683772000","42683545","TL0_m1HG4p1UO1vvToY5G5iAyLzXC5zmlx","TL1_rlnBSbJ8cG6quaCf6T1W0gdNfL1FSk","84a0d75039febd4d921b7edb34501019111d845fb6065b8f70ec0989756d89bc","1","TriggerSmartContract","31","0","SUCCESS","Transfer","xyz","6","","","0","1","","466","522"
"30245830200","-5","1658683872000","42683546","TL2_97KeDMFPhch9GtHwkuuXbIuKxWd8Fb","TL3_l3b2LqtcekDHFGtxtyWUDELPvxCuW2","bb54aa1cb422dd047d7b5389c75066ac7d5af28bb5892adc6b2d263cea42215c","1","TriggerSmartContract","31","0","SUCCESS","Transfer","xyz","6","","","0","1","","119","808"
"49960116931","-5","1658683972000","42683547","TL3_BzwXtvwR2HDoI9lp0SXLZJy66Pk545","TL4_XcHUYt5TEH6ZuUneVzWQXHg5jmPuvp","dba709fcea1a95ccde5652a97720c480b57244c3b911301a9d2ba55e9367f81b","1","TriggerSmartContract","31","0","SUCCESS","Transfer","xyz","6","","","0","1","","379","806"
"14398428373","-5","1658684072000","42683548","TL0_P7Bo0mPb6BJYOk8JXckQQYUToiZexJ","TL1_x3NfJwA4riffmafYWeuixveABSDwmd","0a0d38c5acbfc0b082c6d3627b8cebcb676de4d42612e96919d053cb5cdf0ba8","1","TriggerSmartContract","31","0","SUCCESS","Transfer","xyz","6","","","0","1","","3","813"
"9288422727","-5","1658684172000","42683549","TL1_FZmAxOTkGq0M3ZRf9yIxwTOhr09xnb","TL2_Bv09ezcTdU6daGBiMXPD53dmS1Jh66","57eacd0f29ab7f21f8323463a45d13cc9b48341112b774f03d38cc2903e0d57f","1","TriggerSmartContract","31","0","SUCCESS","Transfer","xyz","6","","","0","1","","493","634"
"47221767817","-5","1658684272000","42683550","TL2_BDMIpWCWhuISMUbPFZJ1tJ5FjXAMGT","TL3_71uqKaxZQApGGLB4rQCMBK6ercZ41r","8a8d54ed696cda3c8b842cefbe6c6d6fb4b71a94c407539a2901db680e88ff2c","1","TriggerSmartContract","31","0","SUCCESS","Transfer","xyz","6","","","0","1","","74","673"
"10591601325","-5","1658684372000","42683551","TL3_4TTZRMskZR8mYUkAItGx0pRwsqFwzp","TL4_VW0TCxQ5JJvkTAnSYDcvTOj9kSoa4z","a76747064f0b70c943dec8348aeb925f0d62d4a3ec91d381c445ceebf2e2147f","1","TriggerSmartContract","31","0","SUCCESS","Transfer","xyz","6","","","0","1","","4","616"
"23388228117","-5","1658684472000","42683552","TL1_PcqKlNdet4ghE0X8QflyArEpVEJMNe","TL2_GvJSCMjlXgOkTBjoxC5qVT5RpR6ckl","f9388230387b30c7a93a88992120967607e5bd6a79da25c8ba8c01591ad86756","1","TriggerSmartContract","31","0","SUCCESS","Transfer","xyz","6","","","0","1","","24","651"
"39948590855","-5","1658684572000","42683553","TL3_rn5fyj5a3PDPOXVlOqzSUtYLhMlYiZ","TL4_l5qADKVYMXHlIPHgLpxnNi0WCrqUle","49d2c878314640b838faca2aa35fa60edbedf51794301e997ba56d67f95fcca9","1","TriggerSmartContract","31","0","SUCCESS","Transfer","xyz","6","","","0","1","","76","892"
"46682346618","-5","1658684672000","42683554","TL2_plRFT77Ak9CZ13W0MEZKXV30XhwKAi","TL3_SzTnP2oj6C3s3IPmKr6GhrSTxoqBMW","7a3989650857522ce21a4273b1d297a7214863d5c14c046b11fdf1029fe54d59","1","TriggerSmartContract","31","0","SUCCESS","Transfer","xyz","6","","","0","1","","82","846"
"33947650172","-5","1658684772000","42683555","TL3_AcZ19Ox3Omq0t5JGwbJkHXryrvFBCJ","TL4_AbKZGsHLjzj7ZoG6g7xWjXxw3eYJFs","c8644dbdf332edab51230ec27349f96be358cf0c8fa44b75b227834b0a5975e4","1","TriggerSmartContract","31","0","SUCCESS","Transfer","xyz","6","","","0","1","","474","555"
"21299363759","-5","1658684872000","42683556","TL1_sA88V1iQXNZN9Q1W9J1BK3xTnoXSP8","TL2_ApeXZAQBP8SpUzUtIejSZTlRD5ZI6F","2f8a61fe5e55e1988830cc4fd88f92f847a826f07bfc74367ba3b34e614206fb","1","TriggerSmartContract","31","0","SUCCESS","Transfer","xyz","6","","","0","1","","314","914"
"21108060251","-5","1658684972000","42683557","TL2_JrpCVnYdEEm3pLDvBImppMEQWC47Xc","TL3_xhpf4FokZfCokzanP1ozDGWJTAkl6o","09ae01b255b249aa4c911caeef3494a92ec3ed812662d1ab679af08570fc3d80","1","TriggerSmartContract","31","0","SUCCESS","Transfer","xyz","6","","","0","1","","494","763"
"11513267136","-5","1658685072000","42683558","TL2_JrpCVnYdEEm3pLDvBImppMEQWC47Xc","TL3_WS3EgwewkkkOaNXsP99M3Zba7UcK5T","334aa89dca723b12f09cb2b248a8fad56a87cbab09b979d64552d1e4978500be","1","TriggerSmartContract","31","0","SUCCESS","Transfer","xyz","6","","","0","1","","327","983"
"22780178807","-5","1658685172000","42683559","TL4_CnUx2xZlk28Eo4TvJykVjvzKrfgVmO","TL5_UJ2sC8FTzjCugnJhgptTbF0E9lx77s","c0134183602b5df0fbf65b6f5063983c0d16c92cabc4a307b6c0c170a24fb80e","1","TriggerSmartContract","31","0","SUCCESS","Transfer","xyz","6","","","0","1","","158","801"
"42658501034","-5","1658685272000","42683560","TL1_x3NfJwA4riffmafYWeuixveABSDwmd","TL2_tKZV11IffE4K64uaTHbNdPZqc8i33m","0c76e44d5a0fb3cbd2d5c20a3ba2e4a732dc7745b3ee960b572275d0ecf001a6","1","TriggerSmartContract","31","0","SUCCESS","Transfer","xyz","6","","","0","1","","309","772"
"30170888843","-5","1658685372000","42683561","TL3_RXQ9RH0C9jgW9mObYejFu3yGD3qHhe","TL4_ZvCZIWtX1UzEjqsu4MQFKE400WQZvs","8f33541fffc95887b23329239a81da1b70a79fdb240e677a823e23fa736886d3","1","TriggerSmartContract","31","0","SUCCESS","Transfer","xyz","6","","","0","1","","319","612"
"22222211372","-5","1658685472000","42683562","TL0_rnp87INqOT9hESBPknZ8xm0pZOvOPX","TL1_cAhrd4mck9SZCfEmUr3Y3ZmPLbs4J1","791a8102cf36b5646a6e23cd37b46326e3976746085bf5e8dabfa2fb372221f1","1","TriggerSmartContract","31","0","SUCCESS","Transfer","xyz","6","","","0","1","","368","528"
"37388270510","-5","1658685572000","42683563","TL2_Ky7EcI91QSBSXoTJIhCejQEieBOVZ4","TL3_nW40NdboHbBmNL2ffVgjSeAcozeOY5","955cddc6ff25779db6e8764f013ce9ad6ea5eeabe2446863394df5ce4d3c4979","1","TriggerSmartContract","31","0","SUCCESS","Transfer","xyz","6","","","0","1","","494","684"
"45548190353","-5","1658685672000","42683564","TL3_8I1foqYajoqc28ak9vRQZwL93xMVzl","TL4_iLNljSLqHDrvy2OJXZ1aAKh1opzbni","b28f96fcce2ce8e598b8ad0e235ebf16e4f416202ac39dfd8fb3aa14a8e93fa4","1","TriggerSmartContract","31","0","SUCCESS","Transfer","xyz","6","","","0","1","","154","886"
"32767579455","-5","1658685772000","42683565","TL0_m1HG4p1UO1vvToY5G5iAyLzXC5zmlx","TL1_IKFK0VqP6dTrXhtevphRJUTmko95Om","7e5d2eddc58344979b2da4727c915407392f4683f5bc81bac6f71ad771167057","1","TriggerSmartContract","31","0","SUCCESS","Transfer","xyz","6","","","0","1","","387","808"
"6401599984","-5","1658685872000","42683566","TL0_m1HG4p1UO1vvToY5G5iAyLzXC5zmlx","TL1_cAhrd4mck9SZCfEmUr3Y3ZmPLbs4J1","248b582f63fddb4c1d3e347db47d06bd09e29f659a4a3d2dc5b28ba8aaafc826","1","TriggerSmartContract","31","0","SUCCESS","Transfer","xyz","6","","","0","1","","417","616"
"26536458699","-5","1658685972000","42683567","TL3_AcZ19Ox3Omq0t5JGwbJkHXryrvFBCJ","TL4_uN3W0hFXmfEaybXpjHesbNSi5xJZSp","bcd296e756fa1e1f83508fd5df268f5cd384efc286eaffe2794043cacb8b0c96","1","TriggerSmartContract","31","0","SUCCESS","Transfer","xyz","6","","","0","1","","56","585"
"22551021381","-5","1658686072000","42683568","TL1_rlnBSbJ8cG6quaCf6T1W0gdNfL1FSk","TL2_BDMIpWCWhuISMUbPFZJ1tJ5FjXAMGT","dde10855765b718e892580f14ca9704d5886c4daa2139dd16ca0137911683ce6","1","TriggerSmartContract","31","0","SUCCESS","Transfer","xyz","6","","","0","1","","310","956"
"11094221747","-5","1658686172000","42683569","TL2_tKZV11IffE4K64uaTHbNdPZqc8i33m","TL3_BzwXtvwR2HDoI9lp0SXLZJy66Pk545","a59305f2112e7151c105d08a2de3f4524ceccfe289f06d4b5172e27c43bb12de","1","TriggerSmartContract","31","0","SUCCESS","Transfer","xyz","6","","","0","1","","293","606"
"215118442","-5","1658686272000","42683570","TL0_kChf5Gga6bHWT6dQqfLEl707AgDurv","TL1_USrap094dSP0A2fbpBRN979ck4X47Y","16492e165627dbf4d4c19c342ab23873fa4c9e2d9e579f051153c52a9cab37ff","1","TriggerSmartContract","31","0","SUCCESS","Transfer","xyz","6","","","0","1","","85","900"
"27631618554","-5","1658686372000","42683571","TL1_5FuqPHn4fJVcIzFEZNvDvRfZ3Tl9iD","TL2_6954LHjM4oYDXJuKKdw5VeTXKjqT6p","d1d7bad27443b6bed6952d6a0c4d952851e02667c11ce0e05deb8df66eeaec94","1","TriggerSmartContract","31","0","SUCCESS","Transfer","xyz","6","","","0","1","","116","985"
"13634593024","-5","1658686472000","42683572","TL3_xhpf4FokZfCokzanP1ozDGWJTAkl6o","TL4_WIt2I7mJrXpuhXvbC6vL27aLq7Q4KE","9f2c73b178fdceb9cac5af91fbabafb40d295ac45f3811bb0630e9fbbfaeade2","1","TriggerSmartContract","31","0","SUCCESS","Transfer","xyz","6","","","0","1","","171","607"
"31407098195","-5","1658686572000","42683573","TL3_kK4HWVrkVv7wyzEmRsFgsSeLY1KDYV","TL4_WIt2I7mJrXpuhXvbC6vL27aLq7Q4KE","397fb217e60fd56484dea36a66c41f0256805977ea96293a84eb537d9caac50d","1","TriggerSmartContract","31","0","SUCCESS","Transfer","xyz","6","","","0","1","","120","682"
"31642617891","-5","1658686672000","42683574","TL3_4TTZRMskZR8mYUkAItGx0pRwsqFwzp","TL4_Mu6wKFxdp7dqlFAE8GkX8Hqv0VMWHT","4e5fb5182799cf5e3bc11235fe458b777cac7625f8a1b721d82bed096b5c6569","1","TriggerSmartContract","31","0","SUCCESS","Transfer","xyz","6","","","0","1","","71","813"
"46784205089","-5","1658686772000","42683575","TL3_SzTnP2oj6C3s3IPmKr6GhrSTxoqBMW","TL4_l5qADKVYMXHlIPHgLpxnNi0WCrqUle","fe67679f2baf9c95bd55a8a5b92b16f189727f637337c0a5494fcc3464732ac9","1","TriggerSmartContract","31","0","SUCCESS","Transfer","xyz","6","","","0","1","","490","707"
"20117817052","-5","1658686872000","42683576","TL2_97KeDMFPhch9GtHwkuuXbIuKxWd8Fb","TL3_2bvvSH8LdoxIAiNQXunFDMsMU8dvUl","969cdd9dd184ca34d9f01132e93fcb7182a6556be7b80222ad580b6007ff637f","1","TriggerSmartContract","31","0","SUCCESS","Transfer","xyz","6","","","0","1","","256","622"
"13786727796","-5","1658686972000","42683577","TL0_rnp87INqOT9hESBPknZ8xm0pZOvOPX","TL1_VfD4h8bUyXdrstR4btiWZPhpGgg4k6","e3b825ebe4d985ee7c1d68044e2e867c4c4b8061d57366429dd20a23599fcd91","1","TriggerSmartContract","31","0","SUCCESS","Transfer","xyz","6","","","0","1","","392","947"
"7240522136","-5","1658687072000","42683578","TL0_vaosEXnWjQOnfHhhLSspNQQxhU8dCQ","TL1_FZmAxOTkGq0M3ZRf9yIxwTOhr09xnb","5f1f3e324ef86da2eb126562a0aca7f372b2d62a7cedfb1fbbc22744d99baf3f","1","TriggerSmartContract","31","0","SUCCESS","Transfer","xyz","6","","","0","1","","155","937"
"9798476870","-5","1658687172000","42683579","TL1_cAhrd4mck9SZCfEmUr3Y3ZmPLbs4J1","TL2_6yCq6qFzdBg7XAcc2MTZay6tgrFZpE","f3bb432fbe3514921f799b4a3ad4538baccfe22b6e91d769ec47f4ebe54d40e7","1","TriggerSmartContract","31","0","SUCCESS","Transfer","xyz","6","","","0","1","","115","594"
"30201363919","-5","1658687272000","42683580","TL2_Ky7EcI91QSBSXoTJIhCejQEieBOVZ4","TL3_8I1foqYajoqc28ak9vRQZwL93xMVzl","1a3ce18f762991685580dcdb9dd8279b954684294002c174847a32dea7bd0311","1","TriggerSmartContract","31","0","SUCCESS","Transfer","xyz","6","","","0","1","","457","557"
"29866913559","-5","1658687372000","42683581","TL2_53eA6WSKWbtFEitI7YYf8DUPlKClMn","TL3_PHlKp2OVI7duPLZvJZ2eVC6p3RamTL","71899702a49f68a1b0a215cff34880defece42e72a50fbd2992421317a0023c9","1","TriggerSmartContract","31","0","SUCCESS","Transfer","xyz","6","","","0","1","","425","919"
"38298750519","-5","1658687472000","42683582","TL2_BDMIpWCWhuISMUbPFZJ1tJ5FjXAMGT","TL3_8I1foqYajoqc28ak9vRQZwL93xMVzl","9ad3c0b7e464f4f7277ddd6b77a63e00ad43b5e2a73f22eb96a14740df23ccc1","1","TriggerSmartContract","31","0","SUCCESS","Transfer","xyz","6","","","0","1","","197","513"
"21308811310","-5","1658687572000","42683583","TL4_XwmQehWrkHLszju0R4VQFoqJq8to8t","TL5_j6uZTzEKajmJGRj7WIjOvoGronOfd5","f0c9e633be1bddf1c4a5a8e48ea16f29fec7419d47c27d698254eda358dd42f5","1","TriggerSmartContract","31","0","SUCCESS","Transfer","xyz","6","","","0","1","","434","675"
"10864457926","-5","1658687672000","42683584","TL0_kChf5Gga6bHWT6dQqfLEl707AgDurv","TL1_6WrFZvSTfPkYlvIFhF6eyZVdxUSG4H","eb065e6baffc6b164efc506f541cfa5fd06748833cb5c5fbe92cff81964bb14e","1","TriggerSmartContract","31","0","SUCCESS","Transfer","xyz","6","","","0","1","","127","587"
"22342658364","-5","1658687772000","42683585","TL0_vaosEXnWjQOnfHhhLSspNQQxhU8dCQ","TL1_FZmAxOTkGq0M3ZRf9yIxwTOhr09xnb","10c0efd1fa6b6d54956b0f012c0fd736c5706a75401e72f6f0632d1b711c040d","1","TriggerSmartContract","31","0","SUCCESS","Transfer","xyz","6","","","0","1","","389","968"
"240071230","-5","1658687872000","42683586","TL0_SFTAEtWzP8jRL2FCESTq50fMxEZg3e","TL1_1KB6onzAO1EjCyHvtr6mY1xlgsC9QJ","c7f32b8fa5959bccaaeffca38ea6f7a103c70e2092c99893a5e14595a321391f","1","TriggerSmartContract","31","0","SUCCESS","Transfer","xyz","6","","","0","1","","178","717"
"4983880608","-5","1658687972000","42683587","TL0_SFTAEtWzP8jRL2FCESTq50fMxEZg3e","TL1_HCaeQkJOxQoCyhNFRdkhHLxbZGbnfl","b1fbb9353c349bdb5346ffa209a3187c4db51d28ad92ddb43e5493a7d3064868","1","TriggerSmartContract","31","0","SUCCESS","Transfer","xyz","6","","","0","1","","164","949"
"12747806530","-5","1658688072000","42683588","TL2_Bv09ezcTdU6daGBiMXPD53dmS1Jh66","TL3_BzwXtvwR2HDoI9lp0SXLZJy66Pk545","3f4744587bba2c3e6e8cb6753033ec5a1bc6b1f6c9f13d0e1da4276918cbd1c3","1","TriggerSmartContract","31","0","SUCCESS","Transfer","xyz","6","","","0","1","","471","911"
"4322705318","-5","1658688172000","42683589","TL0_UIYJAaYSKdRdFPWf6eTEl6c4VBIZ7l","TL1_xMH0GYoyXNLNLRhlLtwSUtl9x8PHUh","2802b09608e058717abd137fd352e1989fb5c12602b024bc8b73b220bf42ccfe","1","TriggerSmartContract","31","0","SUCCESS","Transfer","xyz","6","","","0","1","","355","849"
"17146136593","-5","1658688272000","42683590","TL3_8I1foqYajoqc28ak9vRQZwL93xMVzl","TL4_AbAsVCu8KJI1AYOPk1n35E6YSlyFiW","3097885647531a10253287b896accc1d2c88e7ee5b64bff32d0bc6613650621b","1","TriggerSmartContract","31","0","SUCCESS","Transfer","xyz","6","","","0","1","","3","538"
"47289887194","-5","1658688372000","42683591","TL0_AUkX7hXbf5sU6URS2kOBxOEJBnFpd9","TL1_latjpyDDXmOa54jmpMtGehNZ5g6zjx","53237308901be69ee9e52e75434298444799c169eaa47a69277b1844edded4fa","1","TriggerSmartContract","31","0","SUCCESS","Transfer","xyz","6","","","0","1","","265","699"
"15292950660","-5","1658688472000","42683592","TL0_v7iMG98dBARNHX3ADfdqjJrA07Bb7g","TL1_x3NfJwA4riffmafYWeuixveABSDwmd","6de703d5662586272d9234785a3611f0f0914875b139d9d98bd0ba8a6568e420","1","TriggerSmartContract","31","0","SUCCESS","Transfer","xyz","6","","","0","1","","197","794"
"13524102170","-5","1658688572000","42683593","TL4_AbKZGsHLjzj7ZoG6g7xWjXxw3eYJFs","TL5_y9rFBWMLdtmadVvzWTsGo6DltyVbKV","2c0ef9e17a00f648b739049a802b2689a3f496b15aabb1510ded1a2ee3bb51aa","1","TriggerSmartContract","31","0","SUCCESS","Transfer","xyz","6","","","0","1","","283","581"
"1202315018","-5","1658688672000","42683594","TL2_97KeDMFPhch9GtHwkuuXbIuKxWd8Fb","TL3_nW40NdboHbBmNL2ffVgjSeAcozeOY5","d62391623c16179eac3af10249a40cd86fe8557cd07b71659cc0045336182bee","1","TriggerSmartContract","31","0","SUCCESS","Transfer","xyz","6","","","0","1","","17","640"
"39785476946","-5","1658688772000","42683595","TL4_AbKZGsHLjzj7ZoG6g7xWjXxw3eYJFs","TL5_0rDI759ND559HhM3TRJtSNyIg1PiHB","e47e72181cfcf808b22de1246ec18163a498a61f2f6a2818be0e3308199f95aa","1","TriggerSmartContract","31","0","SUCCESS","Transfer","xyz","6","","","0","1","","442","719"
"33247559792","-5","1658688872000","42683596","TL1_6WrFZvSTfPkYlvIFhF6eyZVdxUSG4H","TL2_KiQjOWGPigo5c5e6Wm6aJTHt4GaI7t","669795e47f4c6b370d3296d6673adfcc9eca2539f50550492f220ed0ac97c054","1","TriggerSmartContract","31","0","SUCCESS","Transfer","xyz","6","","","0","1","","455","674"
"42444625982","-5","1658688972000","42683597","TL4_AbAsVCu8KJI1AYOPk1n35E6YSlyFiW","TL5_EAqXtPd5gWMyYyLJF51AmjRNxU6PzM","0546d0f23775412087bd23c7f65296422599e735bb0ad2eee7a501de26834ece","1","TriggerSmartContract","31","0","SUCCESS","Transfer","xyz","6","","","0","1","","376","724"
"26679111458","-5","1658689072000","42683598","TL3_rn5fyj5a3PDPOXVlOqzSUtYLhMlYiZ","TL4_iLNljSLqHDrvy2OJXZ1aAKh1opzbni","e2de98a7ffc907abb8c5e627dfd5df286215ac859dff8b749e9bfdb2889d1db9","1","TriggerSmartContract","31","0","SUCCESS","Transfer","xyz","6","","","0","1","","345","661"
"15532981123","-5","1658689172000","42683599","TL1_latjpyDDXmOa54jmpMtGehNZ5g6zjx","TL2_plRFT77Ak9CZ13W0MEZKXV30XhwKAi","f599def96b179a78bf2488ac5c7d4ab960c7b76b45ce2282f6ba709e69f4d36a","1","TriggerSmartContract","31","0","SUCCESS","Transfer","xyz","6","","","0","1","","179","932"
"29408014079","-5","1658689272000","42683600","TL3_ojraCqvyswEfxVcwEmhoqU1de4eGDo","TL4_VW0TCxQ5JJvkTAnSYDcvTOj9kSoa4z","eac47f94c3b6344cc3dd48484f43d04a50e05a4fea261e8daa7ab36cadb71c69","1","TriggerSmartContract","31","0","SUCCESS","Transfer","xyz","6","","","0","1","","209","615"
"30157464206","-5","1658689372000","42683601","TL4_vRLoLJ8UtHnMdfLBRTeRQ8Njpywwsn","TL5_0Zn56WfWJfUZ2RygiygT2kNOz0RwLz","4105c9c2cf9415f629259279c575053cd1e2b2154bf7a91cf7c47d3e6b868010","1","TriggerSmartContract","31","0","SUCCESS","Transfer","xyz","6","","","0","1","","94","574"
"33295072616","-5","1658689472000","42683602","TL3_ojraCqvyswEfxVcwEmhoqU1de4eGDo","TL4_tipNwop6pMZUXTaM8t9rRaxF1WKz7R","81fb59426113f838c1a32a509b8b24fec4137bb2ef6c229cd00be37499ee4beb","1","TriggerSmartContract","31","0","SUCCESS","Transfer","xyz","6","","","0","1","","311","877"
"25049584150","-5","1658689572000","42683603","TL2_53eA6WSKWbtFEitI7YYf8DUPlKClMn","TL3_4TTZRMskZR8mYUkAItGx0pRwsqFwzp","2ab8cb12d2d7b43d5cc542b5446554e6f6b6d20a01c5f10e4db2eef086379428","1","TriggerSmartContract","31","0","SUCCESS","Transfer","xyz","6","","","0","1","","493","600"
"30809538032","-5","1658689672000","42683604","TL3_AcZ19Ox3Omq0t5JGwbJkHXryrvFBCJ","TL4_VW0TCxQ5JJvkTAnSYDcvTOj9kSoa4z","fe353b03b63573b4d390bcfc1c37a550da5c2388f84951a51c6d742fbe7332b1","1","TriggerSmartContract","31","0","SUCCESS","Transfer","xyz","6","","","0","1","","189","638"
"12265317596","-5","1658689772000","42683605","TL3_ojraCqvyswEfxVcwEmhoqU1de4eGDo","TL4_vRLoLJ8UtHnMdfLBRTeRQ8Njpywwsn","e9278bdbc943040edc2a49f3ded0c9292ce708c57cc5510d8f28b6e05ac739a1","1","TriggerSmartContract","31","0","SUCCESS","Transfer","xyz","6","","","0","1","","87","526"
"40730737651","-5","1658689872000","42683606","TL4_aJXjeDQQuTDs3GwLmPpb1yBgLDfngo","TL5_RuTdm7ZGJjsjLaI5Hek98230GeJ33I","1caf5c2569003779ba14015cd04363013d6c1aefb01cd570bd7a627bcd3aaf09","1","TriggerSmartContract","31","0","SUCCESS","Transfer","xyz","6","","","0","1","","449","564"
"30021968174","-5","1658689972000","42683607","TL1_latjpyDDXmOa54jmpMtGehNZ5g6zjx","TL2_tKZV11IffE4K64uaTHbNdPZqc8i33m","fb76591f5dd23aaf3a4f731eed29f07f3e4b8ffecb78d2f691504fbe4e9e4ee6","1","TriggerSmartContract","31","0","SUCCESS","Transfer","xyz","6","","","0","1","","358","524"
"11639880928","-5","1658690072000","42683608","TL4_VW0TCxQ5JJvkTAnSYDcvTOj9kSoa4z","TL5_72U13ZJD9xudm7Rc6Suo0mVLqglpym","efb322682435a5a5b0f60bf86782f58e517b2d13890a84f0823aa0eec6d6f569","1","TriggerSmartContract","31","0","SUCCESS","Transfer","xyz","6","","","0","1","","167","846"
"33753377593","-5","1658690172000","42683609","TL3_WS3EgwewkkkOaNXsP99M3Zba7UcK5T","TL4_aJXjeDQQuTDs3GwLmPpb1yBgLDfngo","e551c8c6c7b0d67b973067ada595068d8abc2374d2d76b5599bdf50b4591f873","1","TriggerSmartContract","31","0","SUCCESS","Transfer","xyz","6","","","0","1","","453","630"
"48430215471","-5","1658690272000","42683610","TL0_rnp87INqOT9hESBPknZ8xm0pZOvOPX","TL1_PcqKlNdet4ghE0X8QflyArEpVEJMNe","7559379bf6bd43dbb78da30ffd0f009dd5a43119c41ba4685924632eae8aea1e","1","TriggerSmartContract","31","0","SUCCESS","Transfer","xyz","6","","","0","1","","134","548"
"12821599077","-5","1658690372000","42683611","TL3_WS3EgwewkkkOaNXsP99M3Zba7UcK5T","TL4_3UeDLBRPnDqKI6DQ1yu7yNA1MTACdh","d78bcd06e62621aad01c50936f9fc8d26e79ba543f66858894cbeb318eb6fc79","1","TriggerSmartContract","31","0","SUCCESS","Transfer","xyz","6","","","0","1","","65","510"
"13623763428","-5","1658690472000","42683612","TL0_dNNxGENHilYNxaLDX1ZGAOdpsX6mBl","TL1_VfD4h8bUyXdrstR4btiWZPhpGgg4k6","47e90185fab2b42f83870590366b907de210502bb464d2406e685d7a1702c670","1","TriggerSmartContract","31","0","SUCCESS","Transfer","xyz","6","","","0","1","","434","968"
"47193654111","-5","1658690572000","42683613","TL3_n5om1HDQO987aiKMH0LSRKULZfFWe9","TL4_VW0TCxQ5JJvkTAnSYDcvTOj9kSoa4z","5812303927e318020a83356830a30578ca6f927cc5c38ca891b06abd44a98529","1","TriggerSmartContract","31","0","SUCCESS","Transfer","xyz","6","","","0","1","","44","656"
"24329200911","-5","1658690672000","42683614","TL0_AUkX7hXbf5sU6URS2kOBxOEJBnFpd9","TL1_latjpyDDXmOa54jmpMtGehNZ5g6zjx","5a7b64779d97417134ddc6e70bf27c3f1ac0090dc1f1a5537f8e5e3d580846f7","1","TriggerSmartContract","31","0","SUCCESS","Transfer","xyz","6","","","0","1","","363","855"
"19780708651","-5","1658690772000","42683615","TL0_dNNxGENHilYNxaLDX1ZGAOdpsX6mBl","TL1_HCaeQkJOxQoCyhNFRdkhHLxbZGbnfl","7a90cf5a2fc024c3a8528ce5dbaa0467621bcec2c07a0da68c6553315a131608","1","TriggerSmartContract","31","0","SUCCESS","Transfer","xyz","6","","","0","1","","404","700"
"13039134817","-5","1658690872000","42683616","TL4_iLNljSLqHDrvy2OJXZ1aAKh1opzbni","TL5_y9rFBWMLdtmadVvzWTsGo6DltyVbKV","abf3d4a80b3313714cadf2bf5d6185b165db331f2ae36cbc6223a38646b7035e","1","TriggerSmartContract","31","0","SUCCESS","Transfer","xyz","6","","","0","1","","473","754"
"49212905143","-5","1658690972000","42683617","TL4_gHmECSZgADu6c4XUkYjwcYXXUi6hdE","TL5_XdxW2Cq3uRHNRyISlA97L0IaIOv8To","7c37b8e26a3dfc4203bf32537fef47c6a2276bcedd6ae2c94b5bbf9cf5cf9276","1","TriggerSmartContract","31","0","SUCCESS","Transfer","xyz","6","","","0","1","","403","696"
"36736387667","-5","1658691072000","42683618","TL1_HCaeQkJOxQoCyhNFRdkhHLxbZGbnfl","TL2_tiUzYXVBKjVqEcCnLvKoKMZbsQWj7R","b5b007cbca727f4c5c293c79a2eccb6883233e4e58c5ce8444aae299e8dc604d","1","TriggerSmartContract","31","0","SUCCESS","Transfer","xyz","6","","","0","1","","476","867"
"49109932108","-5","1658691172000","42683619","TL0_k6Z1kmnMZcOpr1Xp59BGbnYn8u80cE","TL1_VfD4h8bUyXdrstR4btiWZPhpGgg4k6","5606e3b7154e03453f8f424acfea69618043e02c1817a265ce715313911cd9ad","1","TriggerSmartContract","31","0","SUCCESS","Transfer","xyz","6","","","0","1","","297","980"
"48161966545","-5","1658691272000","42683620","TL0_aI6pJI78svuMVUfes31mQd7HwUNOKA","TL1_sA88V1iQXNZN9Q1W9J1BK3xTnoXSP8","19000845be38ef6fd4bf98ddf7d59272896f51214ede5e2218cd4cc9d733f056","1","TriggerSmartContract","31","0","SUCCESS","Transfer","xyz","6","","","0","1","","183","930"
"49413088853","-5","1658691372000","42683621","TL1_zrAJlSW3BxWbhzUQBvbE1HVUHxiOYm","TL2_ApeXZAQBP8SpUzUtIejSZTlRD5ZI6F","e41ffb451089c900e29f7823d27d5300d8a22f4a6c7b9998b1f110f553746fe4","1","TriggerSmartContract","31","0","SUCCESS","Transfer","xyz","6","","","0","1","","218","931"
"26339225500","-5","1658691472000","42683622","TL2_XSKacf7btQsHrkxCHMSYue7IVCSiIw","TL3_l3b2LqtcekDHFGtxtyWUDELPvxCuW2","d2ba4e8a518a3e1d12e209208d1765ac3560d2a97859e1ef2d36428b526c8b4b","1","TriggerSmartContract","31","0","SUCCESS","Transfer","xyz","6","","","0","1","","258","723"
"34591859797","-5","1658691572000","42683623","TL3_l3b2LqtcekDHFGtxtyWUDELPvxCuW2","TL4_CnUx2xZlk28Eo4TvJykVjvzKrfgVmO","be9a3550a7484ab586b6eb97ed5221b03e8ee4d808a366aace405001ff70000f","1","TriggerSmartContract","31","0","SUCCESS","Transfer","xyz","6","","","0","1","","21","580"
"11393425177","-5","1658691672000","42683624","TL0_taqVhCeudh6sYk5VY5jmNbVJDv4wyu","TL1_sA88V1iQXNZN9Q1W9J1BK3xTnoXSP8","374bdc4c4b0016b96f004b465da71af3e8e9cf47b1d3726811b6491907d8d2f5","1","TriggerSmartContract","31","0","SUCCESS","Transfer","xyz","6","","","0","1","","153","836"
"4865519680","-5","1658691772000","42683625","TL2_GvJSCMjlXgOkTBjoxC5qVT5RpR6ckl","TL3_l3b2LqtcekDHFGtxtyWUDELPvxCuW2","53fe7f9fd939693f57b5e1f426f8009aaefde65a515f2d33510407f741430ef8","1","TriggerSmartContract","31","0","SUCCESS","Transfer","xyz","6","","","0","1","","327","660"
"12679151387","-5","1658691872000","42683626","TL4_AbKZGsHLjzj7ZoG6g7xWjXxw3eYJFs","TL5_RuTdm7ZGJjsjLaI5Hek98230GeJ33I","441b3642bfd868e3255985c14f02481625efb553d16e24e0fc186e45e316d014","1","TriggerSmartContract","31","0","SUCCESS","Transfer","xyz","6","","","0","1","","383","816"
"24735387050","-5","1658691972000","42683627","TL0_taqVhCeudh6sYk5VY5jmNbVJDv4wyu","TL1_USrap094dSP0A2fbpBRN979ck4X47Y","102d242c0bb8fe2f87946e5eeef0192fc8b962fa3fdd57841235e910c0d7376d","1","TriggerSmartContract","31","0","SUCCESS","Transfer","xyz","6","","","0","1","","36","994"
"1039931107","-5","1658692072000","42683628","TL2_KiQjOWGPigo5c5e6Wm6aJTHt4GaI7t","TL3_4TTZRMskZR8mYUkAItGx0pRwsqFwzp","acc66cc0b3d3385302b1885b11ae82e170b598405aae80e5f94468dd8b981092","1","TriggerSmartContract","31","0","SUCCESS","Transfer","xyz","6","","","0","1","","228","729"
"28255756569","-5","1658692172000","42683629","TL2_6yCq6qFzdBg7XAcc2MTZay6tgrFZpE","TL3_l3b2LqtcekDHFGtxtyWUDELPvxCuW2","9f227ca7cfcb6a1e51f9777aa1d9d248ab13a53f0f763c13788772e263310980","1","TriggerSmartContract","31","0","SUCCESS","Transfer","xyz","6","","","0","1","","216","967"
"23538238794","-5","1658692272000","42683630","TL4_aJXjeDQQuTDs3GwLmPpb1yBgLDfngo","TL5_y9rFBWMLdtmadVvzWTsGo6DltyVbKV","aeb41c162981fbeaba412ef8f1a6e5cb63c653883644ebbf648a07e98fea1f1b","1","TriggerSmartContract","31","0","SUCCESS","Transfer","xyz","6","","","0","1","","355","993"
"12587828849","-5","1658692372000","42683631","TL1_HCaeQkJOxQoCyhNFRdkhHLxbZGbnfl","TL2_BDMIpWCWhuISMUbPFZJ1tJ5FjXAMGT","9d1e61f946ffe4a24e4ab718d0ce892702d8a7b44cfca3d54515fe553862dfbb","1","TriggerSmartContract","31","0","SUCCESS","Transfer","xyz","6","","","0","1","","307","583"
"44303204427","-5","1658692472000","42683632","TL3_GyQQ8usssxG3ax3iGWhKwp04TONSac","TL4_XwmQehWrkHLszju0R4VQFoqJq8to8t","b15b28ecfa892bfe2d0d86fc53dcc374746f1e0fd2e4f146c226df7fb267c7d9","1","TriggerSmartContract","31","0","SUCCESS","Transfer","xyz","6","","","0","1","","233","895"
"17035597539","-5","1658692572000","42683633","TL1_1KB6onzAO1EjCyHvtr6mY1xlgsC9QJ","TL2_GvJSCMjlXgOkTBjoxC5qVT5RpR6ckl","ac9ffc0ad2ec4053ac825a2bef8cbe892c644ab987d2f1232dc8457eb192be30","1","TriggerSmartContract","31","0","SUCCESS","Transfer","xyz","6","","","0","1","","300","620"
"2374283013","-5","1658692672000","42683634","TL3_BzwXtvwR2HDoI9lp0SXLZJy66Pk545","TL4_CnUx2xZlk28Eo4TvJykVjvzKrfgVmO","4289c84b2a5f97023b9bc630f2244a379322df33a7ba14b2a6c5974a1dc76ee3","1","TriggerSmartContract","31","0","SUCCESS","Transfer","xyz","6","","","0","1","","417","806"
"29386977869","-5","1658692772000","42683635","TL3_N4P1hg1wJFIx3qGNEHcblKEx7CjznF","TL4_aJXjeDQQuTDs3GwLmPpb1yBgLDfngo","7f8f5eb30169478188ebcba29ca9fab3a1222c235bef1dc7034f20f0f7cf41d9","1","TriggerSmartContract","31","0","SUCCESS","Transfer","xyz","6","","","0","1","","18","621"
"49617638671","-5","1658692872000","42683636","TL2_Bv09ezcTdU6daGBiMXPD53dmS1Jh66","TL3_xhpf4FokZfCokzanP1ozDGWJTAkl6o","82c7cd7e9ca7a29e6eb80fe38d8a3089ee1f8e49f035705539b0ee38b384751b","1","TriggerSmartContract","31","0","SUCCESS","Transfer","xyz","6","","","0","1","","108","892"
"38882073790","-5","1658692972000","42683637","TL0_SFTAEtWzP8jRL2FCESTq50fMxEZg3e","TL1_latjpyDDXmOa54jmpMtGehNZ5g6zjx","ab1b46c55d3aea655cf9983ff2b2b7aef6e34cc8a593b8def529f8c5808324c3","1","TriggerSmartContract","31","0","SUCCESS","Transfer","xyz","6","","","0","1","","272","614"
"2489769910","-5","1658693072000","42683638","TL2_BWsuLrWVniHeaW8LUTouPCjmBWaSDg","TL3_BzwXtvwR2HDoI9lp0SXLZJy66Pk545","0ebda30d79e96b7df8aa21698077ac4624a3df032fcda105a2f4c83b7635bbee","1","TriggerSmartContract","31","0","SUCCESS","Transfer","xyz","6","","","0","1","","414","891"
"28169448135","-5","1658693172000","42683639","TL3_AcZ19Ox3Omq0t5JGwbJkHXryrvFBCJ","TL4_WIt2I7mJrXpuhXvbC6vL27aLq7Q4KE","20a32072220a7e0e56b66fa8b0d2a2831807560cc9bcc77752c28f2c5df109ad","1","TriggerSmartContract","31","0","SUCCESS","Transfer","xyz","6","","","0","1","","493","969"
"32339357148","-5","1658693272000","42683640","TL2_WX5eVqRKEd4D8qJcHyRH0xTZ1IeGtd","TL3_RXQ9RH0C9jgW9mObYejFu3yGD3qHhe","1cbb85ad62694c866de7d7ce89bd192e7520747587c0d25fda1d2d14a3b03879","1","TriggerSmartContract","31","0","SUCCESS","Transfer","xyz","6","","","0","1","","409","900"
"45214508875","-5","1658693372000","42683641","TL1_6WrFZvSTfPkYlvIFhF6eyZVdxUSG4H","TL2_XSKacf7btQsHrkxCHMSYue7IVCSiIw","7c75ce09fb76e5b23932e161bdcfa882351c13b1b1c8c5dff58aedf646d3446c","1","TriggerSmartContract","31","0","SUCCESS","Transfer","xyz","6","","","0","1","","475","867"
"14431958753","-5","1658693472000","42683642","TL0_k6Z1kmnMZcOpr1Xp59BGbnYn8u80cE","TL1_sA88V1iQXNZN9Q1W9J1BK3xTnoXSP8","19f62754854524e92aa00d89376d3e6a6a9cdb39e364b1a9b4920028085cc34f","1","TriggerSmartContract","31","0","SUCCESS","Transfer","xyz","6","","","0","1","","136","698"
"40807683722","-5","1658693572000","42683643","TL4_VW0TCxQ5JJvkTAnSYDcvTOj9kSoa4z","TL5_7uwku1ryKfIXoMlRjuKXCkWtY52U4G","10079d2caad455b30729cdf74dd77bc6adeb37327349e2eef2eb72f3bc63de9f","1","TriggerSmartContract","31","0","SUCCESS","Transfer","xyz","6","","","0","1","","42","525"
"49982448254","-5","1658693672000","42683644","TL2_plRFT77Ak9CZ13W0MEZKXV30XhwKAi","TL3_n5om1HDQO987aiKMH0LSRKULZfFWe9","b636a3e18f268dc83756460fa53cdfdfc592056c72b84abb08136b5083c7b270","1","TriggerSmartContract","31","0","SUCCESS","Transfer","xyz","6","","","0","1","","391","748"
"31572416341","-5","1658693772000","42683645","TL0_SFTAEtWzP8jRL2FCESTq50fMxEZg3e","TL1_179hEwOYz45YPSoXjjHlSzxZ17tsih","0eab4b71acfa7d6730d6263f90902d997671c79716326d56084592bed3b4f547","1","TriggerSmartContract","31","0","SUCCESS","Transfer","xyz","6","","","0","1","","402","573"
"11934580309","-5","1658693872000","42683646","TL0_aI6pJI78svuMVUfes31mQd7HwUNOKA","TL1_bVUrn6C2uLGeY1CAa8wJXXF3GZ8aJp","eae5803dfd7ffda414a2d4f23671fb1abec5ed620de4e3e323b758f5c425d78f","1","TriggerSmartContract","31","0","SUCCESS","Transfer","xyz","6","","","0","1","","182","545"
"18276342007","-5","1658693972000","42683647","TL1_USrap094dSP0A2fbpBRN979ck4X47Y","TL2_GvJSCMjlXgOkTBjoxC5qVT5RpR6ckl","fca767b8fa495b11099b87238c3f1084bcfa3324fe6420cae84512841192cd3b","1","TriggerSmartContract","31","0","SUCCESS","Transfer","xyz","6","","","0","1","","331","549"
"1927191106","-5","1658694072000","42683648","TL4_XcHUYt5TEH6ZuUneVzWQXHg5jmPuvp","TL5_0rDI759ND559HhM3TRJtSNyIg1PiHB","36d50e24d407cd9ac577dd1d50a825d8779e495a8fae911057d16340000a3745","1","TriggerSmartContract","31","0","SUCCESS","Transfer","xyz","6","","","0","1","","381","705"
"44090170971","-5","1658694172000","42683649","TL0_AUkX7hXbf5sU6URS2kOBxOEJBnFpd9","TL1_zrAJlSW3BxWbhzUQBvbE1HVUHxiOYm","aeed032f0207eedef0c4394e59fdb7bf8918072b37c7d2969c347f988cfe1bd6","1","TriggerSmartContract","31","0","SUCCESS","Transfer","xyz","6","","","0","1","","106","555"
"49433557532","-5","1658694272000","42683650","TL1_sA88V1iQXNZN9Q1W9J1BK3xTnoXSP8","TL2_BWsuLrWVniHeaW8LUTouPCjmBWaSDg","012c35705a618f77d6268eecadc2ec99188c3a6a801daafd0825859bd93d1f59","1","TriggerSmartContract","31","0","SUCCESS","Transfer","xyz","6","","","0","1","","367","978"
"20763923980","-5","1658694372000","42683651","TL1_6neunA32FmCeHYF3oTP5nBoi3nvEfm","TL2_tKZV11IffE4K64uaTHbNdPZqc8i33m","f3ec92841cc11237c688d248033736601094c023c29b5aaf4b1f720a29d0c0da","1","TriggerSmartContract","31","0","SUCCESS","Transfer","xyz","6","","","0","1","","170","877"
"31252251425","-5","1658694472000","42683652","TL4_AbAsVCu8KJI1AYOPk1n35E6YSlyFiW","TL5_EAqXtPd5gWMyYyLJF51AmjRNxU6PzM","b08526dd447bbbdd263352d9076044b91f9c20c3145990a8233c448860157f3e","1","TriggerSmartContract","31","0","SUCCESS","Transfer","xyz","6","","","0","1","","455","805"
"14353905759","-5","1658694572000","42683653","TL2_GvJSCMjlXgOkTBjoxC5qVT5RpR6ckl","TL3_n5om1HDQO987aiKMH0LSRKULZfFWe9","52c99e1d129fd2e495d4cc8fb629020b16d7d398ca55ee3767920bd8a75900c9","1","TriggerSmartContract","31","0","SUCCESS","Transfer","xyz","6","","","0","1","","184","811"
"40598894896","-5","1658694672000","42683654","TL3_AcZ19Ox3Omq0t5JGwbJkHXryrvFBCJ","TL4_3UeDLBRPnDqKI6DQ1yu7yNA1MTACdh","aa5e33769eca706eed0c7010d1780822c75e5b589432e2ef7aa95e08d32f70f5","1","TriggerSmartContract","31","0","SUCCESS","Transfer","xyz","6","","","0","1","","372","656"
"46179987641","-5","1658694772000","42683655","TL1_FZmAxOTkGq0M3ZRf9yIxwTOhr09xnb","TL2_GvJSCMjlXgOkTBjoxC5qVT5RpR6ckl","16ab9bd99f4947769e7fb696c0f9819bff33755c3d17215d3a35e5e9203e9ec2","1","TriggerSmartContract","31","0","SUCCESS","Transfer","xyz","6","","","0","1","","294","974"
"26322580502","-5","1658694872000","42683656","TL2_ER9WRoc3sQjYEo65y8a7fOmj5QwIDV","TL3_ojraCqvyswEfxVcwEmhoqU1de4eGDo","228f9a9ab0fe083e0529282a5731c2b6ad5160e9f0f6a8fe5e46ba5723a2c3be","1","TriggerSmartContract","31","0","SUCCESS","Transfer","xyz","6","","","0","1","","191","756"
"30075914062","-5","1658694972000","42683657","TL2_BWsuLrWVniHeaW8LUTouPCjmBWaSDg","TL3_nW40NdboHbBmNL2ffVgjSeAcozeOY5","df7a6e8f405531986d075c2f6e3c92d724e2381b8b0ede17dc24919a9a763f19","1","TriggerSmartContract","31","0","SUCCESS","Transfer","xyz","6","","","0","1","","410","737"
"4049811877","-5","1658695072000","42683658","TL3_2bvvSH8LdoxIAiNQXunFDMsMU8dvUl","TL4_fLtlECp1Zh2GVrMHEM2l6br6wSSGHq","aa16e96452aad413bf91c30fc871934cab4595648989b42b7ea5ab967d4e1ffb","1","TriggerSmartContract","31","0","SUCCESS","Transfer","xyz","6","","","0","1","","56","665"
"26352984753","-5","1658695172000","42683659","TL1_PcqKlNdet4ghE0X8QflyArEpVEJMNe","TL2_tiUzYXVBKjVqEcCnLvKoKMZbsQWj7R","c5db14b1eeda7e812af5bfcffcc531ddf6cec57f38ee5f8a720102f1098731f6","1","TriggerSmartContract","31","0","SUCCESS","Transfer","xyz","6","","","0","1","","432","759"
"25305818675","-5","1658695272000","42683660","TL1_latjpyDDXmOa54jmpMtGehNZ5g6zjx","TL2_KiQjOWGPigo5c5e6Wm6aJTHt4GaI7t","eb16fd44dccfebde3560623d9e9a5f04f5ca08532bd3bc8fc0f2be7cea404489","1","TriggerSmartContract","31","0","SUCCESS","Transfer","xyz","6","","","0","1","","71","855"
"3857330319","-5","1658695372000","42683661","TL4_gHmECSZgADu6c4XUkYjwcYXXUi6hdE","TL5_09ATntxXgLI5BseChRpOXMy9Rrtyop","14833f193e96a52f074bf3abbdf023aa82f344534515b625b8d1945b895b8d4e","1","TriggerSmartContract","31","0","SUCCESS","Transfer","xyz","6","","","0","1","","298","754"
"42401927740","-5","1658695472000","42683662","TL3_AcZ19Ox3Omq0t5JGwbJkHXryrvFBCJ","TL4_VW0TCxQ5JJvkTAnSYDcvTOj9kSoa4z","3294e3c9cdfd64b2852f464b9f037f8035d2ef7cb9c00b71f32e68b81be4416d","1","TriggerSmartContract","31","0","SUCCESS","Transfer","xyz","6","","","0","1","","390","533"
"14805322922","-5","1658695572000","42683663","TL1_HCaeQkJOxQoCyhNFRdkhHLxbZGbnfl","TL2_KiQjOWGPigo5c5e6Wm6aJTHt4GaI7t","8763ecb21f17974cb5b5357846a498204c7d90f8197dcaf564e8c28eed5f8f85","1","TriggerSmartContract","31","0","SUCCESS","Transfer","xyz","6","","","0","1","","352","504"
"8145423748","-5","1658695672000","42683664","TL3_PHlKp2OVI7duPLZvJZ2eVC6p3RamTL","TL4_kxsyrx8U8tKiuECnHQBglQw200pLGW","ef937a94e551da017b4d0db58c071798d14b102f91c8ff91eff682bb5edc8cff","1","TriggerSmartContract","31","0","SUCCESS","Transfer","xyz","6","","","0","1","","337","541"
"10868205207","-5","1658695772000","42683665","TL1_latjpyDDXmOa54jmpMtGehNZ5g6zjx","TL2_tKZV11IffE4K64uaTHbNdPZqc8i33m","447af1972e5619e99e834d886ce6c3faff2d77dd86efca3519494975d680ae03","1","TriggerSmartContract","31","0","SUCCESS","Transfer","xyz","6","","","0","1","","475","578"
"3247030720","-5","1658695872000","42683666","TL3_8I1foqYajoqc28ak9vRQZwL93xMVzl","TL4_l5qADKVYMXHlIPHgLpxnNi0WCrqUle","7aa887ccf60c0f523a66eb25246204cd9c0651355ad44bf1c41ffca00bce1819","1","TriggerSmartContract","31","0","SUCCESS","Transfer","xyz","6","","","0","1","","87","719"
"13470242535","-5","1658695972000","42683667","TL1_6neunA32FmCeHYF3oTP5nBoi3nvEfm","TL2_53eA6WSKWbtFEitI7YYf8DUPlKClMn","44bd1e8de2b07eb87624a8038fb8e5dd2418eb7adc0ff351027318d1e1f72689","1","TriggerSmartContract","31","0","SUCCESS","Transfer","xyz","6","","","0","1","","387","846"
"36852965250","-5","1658696072000","42683668","TL4_XcHUYt5TEH6ZuUneVzWQXHg5jmPuvp","TL5_RuTdm7ZGJjsjLaI5Hek98230GeJ33I","8aef79b60767c9eefecbda0f9e80c19ac46579fd6e09b8962193f935012cde56","1","TriggerSmartContract","31","0","SUCCESS","Transfer","xyz","6","","","0","1","","244","865"
"8004986365","-5","1658696172000","42683669","TL1_179hEwOYz45YPSoXjjHlSzxZ17tsih","TL2_GvJSCMjlXgOkTBjoxC5qVT5RpR6ckl","952bddc11ad112587c89a0eb7b3b14ea4a6a7ce12d30c51a08885ce02be86591","1","TriggerSmartContract","31","0","SUCCESS","Transfer","xyz","6","","","0","1","","391","731"
"25545498417","-5","1658696272000","42683670","TL3_n5om1HDQO987aiKMH0LSRKULZfFWe9","TL4_XcHUYt5TEH6ZuUneVzWQXHg5jmPuvp","364b3c1b94d7a2838cbedf3f9e18fa222362a2f97de9d5a862397311d399b308","1","TriggerSmartContract","31","0","SUCCESS","Transfer","xyz","6","","","0","1","","495","952"
"11580191280","-5","1658696372000","42683671","TL4_fLtlECp1Zh2GVrMHEM2l6br6wSSGHq","TL5_XdxW2Cq3uRHNRyISlA97L0IaIOv8To","7130c332b6def567076cf2b88c09c74042c333b440b292e351235d780d2de652","1","TriggerSmartContract","31","0","SUCCESS","Transfer","xyz","6","","","0","1","","14","545"
"43324473803","-5","1658696472000","42683672","TL0_m1HG4p1UO1vvToY5G5iAyLzXC5zmlx","TL1_EsrtUnJPucMUH59GU0GC2EBp22DbF8","9f9c47a7698b7507144a95823989e5ab2bbb266b0d8dfc93ca65f44f9a1c90ac","1","TriggerSmartContract","31","0","SUCCESS","Transfer","xyz","6","","","0","1","","162","811"
"12140754730","-5","1658696572000","42683673","TL1_179hEwOYz45YPSoXjjHlSzxZ17tsih","TL2_KiQjOWGPigo5c5e6Wm6aJTHt4GaI7t","eeb18e984b66f58a851ee90309e38782ccc9d67c5ace3a99daca884a6420aa16","1","TriggerSmartContract","31","0","SUCCESS","Transfer","xyz","6","","","0","1","","31","799"
"4439004292","-5","1658696672000","42683674","TL1_rlnBSbJ8cG6quaCf6T1W0gdNfL1FSk","TL2_gViXSgEX773nnQ3pYXlcBwJ4Xr27FJ","e390c0f95785e7a006c9abf7055706a30ed4da8d9f5c0b8db69ca98432093b93","1","TriggerSmartContract","31","0","SUCCESS","Transfer","xyz","6","","","0","1","","381","697"
"10131934391","-5","1658696772000","42683675","TL2_BWsuLrWVniHeaW8LUTouPCjmBWaSDg","TL3_2bvvSH8LdoxIAiNQXunFDMsMU8dvUl","841ac78d03340fba7320409d850df852a687a79219f48d9652cf45aa744804a3","1","TriggerSmartContract","31","0","SUCCESS","Transfer","xyz","6","","","0","1","","245","560"
"31426174445","-5","1658696872000","42683676","TL3_kK4HWVrkVv7wyzEmRsFgsSeLY1KDYV","TL4_tipNwop6pMZUXTaM8t9rRaxF1WKz7R","a3425392a638576968a0a927c82578db5c1b4b12668af6c71568931689993f21","1","TriggerSmartContract","31","0","SUCCESS","Transfer","xyz","6","","","0","1","","253","617"
"32260630550","-5","1658696972000","42683677","TL2_XSKacf7btQsHrkxCHMSYue7IVCSiIw","TL3_BzwXtvwR2HDoI9lp0SXLZJy66Pk545","a0c4b6fdcc199b5832f07672c15c5722cb75181938c49ca543c99f0e29edf15f","1","TriggerSmartContract","31","0","SUCCESS","Transfer","xyz","6","","","0","1","","434","544"
"2538596448","-5","1658697072000","42683678","TL0_kChf5Gga6bHWT6dQqfLEl707AgDurv","TL1_PcqKlNdet4ghE0X8QflyArEpVEJMNe","b41ff6cc7c9cc7b4142e33072e2131928d2648fb2a91d0e15c9c8dc3d9c5ed43","1","TriggerSmartContract","31","0","SUCCESS","Transfer","xyz","6","","","0","1","","261","720"
"34476013369","-5","1658697172000","42683679","TL0_vaosEXnWjQOnfHhhLSspNQQxhU8dCQ","TL1_EsrtUnJPucMUH59GU0GC2EBp22DbF8","0b6681dc12019e72d1c91fa5d04b9ef7d0f4c031997d0c82f24d36a8589891e2","1","TriggerSmartContract","31","0","SUCCESS","Transfer","xyz","6","","","0","1","","330","965"
"23334563128","-5","1658697272000","42683680","TL1_1KB6onzAO1EjCyHvtr6mY1xlgsC9QJ","TL2_DiVcIW3ACfZXJp7lWfUwl42MrSQK7M","e472245ed1098c92172ffa7335a4dbbf55075796e2287987f0fa204f133107dd","1","TriggerSmartContract","31","0","SUCCESS","Transfer","xyz","6","","","0","1","","449","771"
"12572742844","-5","1658697372000","42683681","TL4_kxsyrx8U8tKiuECnHQBglQw200pLGW","TL5_09ATntxXgLI5BseChRpOXMy9Rrtyop","b54ffb60408dd567064592e4a17576c57bdbab91b14cfebe55152a2510d54ae1","1","TriggerSmartContract","31","0","SUCCESS","Transfer","xyz","6","","","0","1","","239","713"
"12977854137","-5","1658697472000","42683682","TL4_fLtlECp1Zh2GVrMHEM2l6br6wSSGHq","TL5_j6uZTzEKajmJGRj7WIjOvoGronOfd5","a9180511ccbb37062506768dcfa8c4eb92abeb17ec58561286f670a442f80935","1","TriggerSmartContract","31","0","SUCCESS","Transfer","xyz","6","","","0","1","","128","909"
"3259105489","-5","1658697572000","42683683","TL0_AUkX7hXbf5sU6URS2kOBxOEJBnFpd9","TL1_1KB6onzAO1EjCyHvtr6mY1xlgsC9QJ","5211b5c01d42a63291ed848b12e590981f74c07f633eaa89dcb5c78c8c3033ac","1","TriggerSmartContract","31","0","SUCCESS","Transfer","xyz","6","","","0","1","","109","902"
"10151257041","-5","1658697672000","42683684","TL3_l3b2LqtcekDHFGtxtyWUDELPvxCuW2","TL4_ZvCZIWtX1UzEjqsu4MQFKE400WQZvs","a6f56270950c7b787cfa425effd5597c8b8d4c638df044c045ee835a30bad267","1","TriggerSmartContract","31","0","SUCCESS","Transfer","xyz","6","","","0","1","","323","538"
"6243268332","-5","1658697772000","42683685","TL1_PcqKlNdet4ghE0X8QflyArEpVEJMNe","TL2_plRFT77Ak9CZ13W0MEZKXV30XhwKAi","265b018db2342855bfbd2074d8ba7ee79aa55a67a02ee133eb79afe1efb3a625","1","TriggerSmartContract","31","0","SUCCESS","Transfer","xyz","6","","","0","1","","79","781"
"2612689941","-5","1658697872000","42683686","TL2_KiQjOWGPigo5c5e6Wm6aJTHt4GaI7t","TL3_l3b2LqtcekDHFGtxtyWUDELPvxCuW2","a6456893aeef49c2e1cf80e9aa05bb91d97c62e064a3519cbace3b193ec217d6","1","TriggerSmartContract","31","0","SUCCESS","Transfer","xyz","6","","","0","1","","399","769"
"21311897874","-5","1658697972000","42683687","TL4_uN3W0hFXmfEaybXpjHesbNSi5xJZSp","TL5_y9rFBWMLdtmadVvzWTsGo6DltyVbKV","30bdcb22f53869aed811fe1086e56c29c8d227b349ca3b5749f5172fa2729429","1","TriggerSmartContract","31","0","SUCCESS","Transfer","xyz","6","","","0","1","","28","852"
"8700527546","-5","1658698072000","42683688","TL0_HGTGmeE7JpqFjoej0jljS1zgutnNBw","TL1_xMH0GYoyXNLNLRhlLtwSUtl9x8PHUh","e3b6bbb4cbc01f661d80a2b12a69bd71e15fbca2fbb670f4dd41e275770a11cd","1","TriggerSmartContract","31","0","SUCCESS","Transfer","xyz","6","","","0","1","","115","526"
"3497706956","-5","1658698172000","42683689","TL4_KBFzsI5RRQWJZDZnP5zvcw9dzSbkNy","TL5_XdxW2Cq3uRHNRyISlA97L0IaIOv8To","170e7a9f775447340c0247449012ef36fa5cadaccefa3ce26506092dacfe2d7b","1","TriggerSmartContract","31","0","SUCCESS","Transfer","xyz","6","","","0","1","","484","736"
"4474955553","-5","1658698272000","42683690","TL2_6yCq6qFzdBg7XAcc2MTZay6tgrFZpE","TL3_71uqKaxZQApGGLB4rQCMBK6ercZ41r","d40259642853f648897a362a5fd6da50c74108b25f493396d22abee482829d3d","1","TriggerSmartContract","31","0","SUCCESS","Transfer","xyz","6","","","0","1","","464","665"
"26776335691","-5","1658698372000","42683691","TL3_71uqKaxZQApGGLB4rQCMBK6ercZ41r","TL4_uN3W0hFXmfEaybXpjHesbNSi5xJZSp","7870480ee576a12c48f13cca1b1f16f2773d75c07e2eb126cc3a65020e0ebd97","1","TriggerSmartContract","31","0","SUCCESS","Transfer","xyz","6","","","0","1","","331","905"
"17472072330","-5","1658698472000","42683692","TL0_yG9OXG4LxA2Euv6Nzu7VKu6dnFxb6W","TL1_PcqKlNdet4ghE0X8QflyArEpVEJMNe","d16ba76193f68e0ecaea1539d801793576301a3ff58fa425ea0b85a0aee7fb72","1","TriggerSmartContract","31","0","SUCCESS","Transfer","xyz","6","","","0","1","","218","998"
"28921112838","-5","1658698572000","42683693","TL1_USrap094dSP0A2fbpBRN979ck4X47Y","TL2_XSKacf7btQsHrkxCHMSYue7IVCSiIw","a4f4bb79fd713377711643e116dc59dacacb88cbe1c6f67b74c32919fb79cae8","1","TriggerSmartContract","31","0","SUCCESS","Transfer","xyz","6","","","0","1","","412","983"
"35754306507","-5","1658698672000","42683694","TL3_rn5fyj5a3PDPOXVlOqzSUtYLhMlYiZ","TL4_XwmQehWrkHLszju0R4VQFoqJq8to8t","316579f379c640df4f47defee6b30f43fc3c4280e576d9ee5c30ffc7e0a2a3e3","1","TriggerSmartContract","31","0","SUCCESS","Transfer","xyz","6","","","0","1","","464","707"
"32453314708","-5","1658698772000","42683695","TL3_l3b2LqtcekDHFGtxtyWUDELPvxCuW2","TL4_3UeDLBRPnDqKI6DQ1yu7yNA1MTACdh","e5c2493f9f17c77d113f2ba29a602ab7530fc5fc4a2444466e624051e39d3d16","1","TriggerSmartContract","31","0","SUCCESS","Transfer","xyz","6","","","0","1","","224","506"
"18837619952","-5","1658698872000","42683696","TL2_KiQjOWGPigo5c5e6Wm6aJTHt4GaI7t","TL3_rn5fyj5a3PDPOXVlOqzSUtYLhMlYiZ","55e9533fe5979b253e762f78cfef4ad7a563a7a1bfdfe54e237457db9e78b02e","1","TriggerSmartContract","31","0","SUCCESS","Transfer","xyz","6","","","0","1","","199","688"
"40983658861","-5","1658698972000","42683697","TL3_4TTZRMskZR8mYUkAItGx0pRwsqFwzp","TL4_XcHUYt5TEH6ZuUneVzWQXHg5jmPuvp","35b3d7b9a99bbb33fd8820dc4d286b72675fd9aae780566540f9ded2d6730fcf","1","TriggerSmartContract","31","0","SUCCESS","Transfer","xyz","6","","","0","1","","307","864"
"43840032513","-5","1658699072000","42683698","TL0_taqVhCeudh6sYk5VY5jmNbVJDv4wyu","TL1_cAhrd4mck9SZCfEmUr3Y3ZmPLbs4J1","ddd83bc8bbf18cfa969c1dd39de09113cb359b855762649724616a9aaecfcca7","1","TriggerSmartContract","31","0","SUCCESS","Transfer","xyz","6","","","0","1","","204","563"
"36669090967","-5","1658699172000","42683699","TL3_GyQQ8usssxG3ax3iGWhKwp04TONSac","TL4_XcHUYt5TEH6ZuUneVzWQXHg5jmPuvp","9e210d7d0d730984b275f16dfadfc1a54f13fb0e5db2a0c0c8b11d31753c113e","1","TriggerSmartContract","31","0","SUCCESS","Transfer","xyz","6","","","0","1","","471","594"
"29405949903","-5","1658699272000","42683700","TL1_6neunA32FmCeHYF3oTP5nBoi3nvEfm","TL2_Bv09ezcTdU6daGBiMXPD53dmS1Jh66","e036704fbe1f969fe2943e45a6c497682ebacd261eb46b0d3d8a7870541c37f0","1","TriggerSmartContract","31","0","SUCCESS","Transfer","xyz","6","","","0","1","","421","831"
"45150811657","-5","1658699372000","42683701","TL0_9QhFhNnfvCJIUinPzs5JmaLDyfVRGR","TL1_179hEwOYz45YPSoXjjHlSzxZ17tsih","be7b4ae82c2cdc4ddeacfb21649ad97593bee99f1d7d7584435e0aba0ec25fe2","1","TriggerSmartContract","31","0","SUCCESS","Transfer","xyz","6","","","0","1","","164","936"
"23096014","-5","1658699472000","42683702","TL1_6neunA32FmCeHYF3oTP5nBoi3nvEfm","TL2_53eA6WSKWbtFEitI7YYf8DUPlKClMn","e286f3ff7038c833fcf6a13fa28103c32e3226e6e9316e298232e0c450569ddc","1","TriggerSmartContract","31","0","SUCCESS","Transfer","xyz","6","","","0","1","","171","873"
"18572681705","-5","1658699572000","42683703","TL0_9QhFhNnfvCJIUinPzs5JmaLDyfVRGR","TL1_VfD4h8bUyXdrstR4btiWZPhpGgg4k6","e78a7e812788cfd6f36a48039caa3cd05c5d2505ff2590a1ce7d8f623cbdf195","1","TriggerSmartContract","31","0","SUCCESS","Transfer","xyz","6","","","0","1","","229","842"
"12474748744","-5","1658699672000","42683704","TL2_GvJSCMjlXgOkTBjoxC5qVT5RpR6ckl","TL3_GyQQ8usssxG3ax3iGWhKwp04TONSac","0986e5f2bbc79f4ef3d7b056c5c7141e9bb620619c296f05fd299a415fe15da9","1","TriggerSmartContract","31","0","SUCCESS","Transfer","xyz","6","","","0","1","","61","960"
"37506115257","-5","1658699772000","42683705","TL2_Bv09ezcTdU6daGBiMXPD53dmS1Jh66","TL3_nW40NdboHbBmNL2ffVgjSeAcozeOY5","d37357c9de0bc2c95797b9ab17f0d72df25e9a4674b70c988de00aa5e74beddd","1","TriggerSmartContract","31","0","SUCCESS","Transfer","xyz","6","","","0","1","","135","542"
"20248547509","-5","1658699872000","42683706","TL2_BDMIpWCWhuISMUbPFZJ1tJ5FjXAMGT","TL3_2bvvSH8LdoxIAiNQXunFDMsMU8dvUl","014c59b4ec2fe40eb7caaa91a7e0ddaa55308a5b8553d99caff265c87ea24c56","1","TriggerSmartContract","31","0","SUCCESS","Transfer","xyz","6","","","0","1","","96","710"
"13703114066","-5","1658699972000","42683707","TL2_JrpCVnYdEEm3pLDvBImppMEQWC47Xc","TL3_71uqKaxZQApGGLB4rQCMBK6ercZ41r","6781b3531306f64d1ce1887a85488599dc2dcca2ff4a09b8b693efe1e04018c8","1","TriggerSmartContract","31","0","SUCCESS","Transfer","xyz","6","","","0","1","","479","744"
"14287229398","-5","1658700072000","42683708","TL0_UIYJAaYSKdRdFPWf6eTEl6c4VBIZ7l","TL1_rlnBSbJ8cG6quaCf6T1W0gdNfL1FSk","4f72c7f07010f537410d9bfcfbcf1f7ca1f426f39db41fa617fb4d7a57942592","1","TriggerSmartContract","31","0","SUCCESS","Transfer","xyz","6","","","0","1","","190","962"
"46594675513","-5","1658700172000","42683709","TL4_l5qADKVYMXHlIPHgLpxnNi0WCrqUle","TL5_UJ2sC8FTzjCugnJhgptTbF0E9lx77s","745d43bf8d6a12dd5fb1f2ae5a530d7f9b132bb0c185d732777e01dab5ed6824","1","TriggerSmartContract","31","0","SUCCESS","Transfer","xyz","6","","","0","1","","114","701"
"42118947893","-5","1658700272000","42683710","TL4_uN3W0hFXmfEaybXpjHesbNSi5xJZSp","TL5_y9rFBWMLdtmadVvzWTsGo6DltyVbKV","03c8679e86dff3bb49447d7ecbfb34990d24f5a01e71d4fe4c746801a1d1d823","1","TriggerSmartContract","31","0","SUCCESS","Transfer","xyz","6","","","0","1","","314","973"
"40584946201","-5","1658700372000","42683711","TL4_VW0TCxQ5JJvkTAnSYDcvTOj9kSoa4z","TL5_0Zn56WfWJfUZ2RygiygT2kNOz0RwLz","a21d49c14de7b4aabec26d8c1bc4f97aacf68cd3a7e230233457b8be500e0b65","1","TriggerSmartContract","31","0","SUCCESS","Transfer","xyz","6","","","0","1","","91","767"
"4830368168","-5","1658700472000","42683712","TL4_3UeDLBRPnDqKI6DQ1yu7yNA1MTACdh","TL5_VkLmQloXv4tKeS5FR2t2XEXijLonXG","f9db2aa3701ebe9bf52e01583ffac1944a446d67ac5d2d9c3027f67a899fefbb","1","TriggerSmartContract","31","0","SUCCESS","Transfer","xyz","6","","","0","1","","498","678"
"24310657791","-5","1658700572000","42683713","TL2_Bv09ezcTdU6daGBiMXPD53dmS1Jh66","TL3_GyQQ8usssxG3ax3iGWhKwp04TONSac","782d4aa50d0471bc7bf669a3e5bc42161dbf62ef238fdeb0548225abc1ff34f9","1","TriggerSmartContract","31","0","SUCCESS","Transfer","xyz","6","","","0","1","","393","719"
"25335153851","-5","1658700672000","42683714","TL3_vOzxmxLWFqbCrASvyroNY8ihaRFA1y","TL4_kxsyrx8U8tKiuECnHQBglQw200pLGW","f0a082681c6529cf0a79472abe720923572719680d3c0f2e0b6261e790ecd6ce","1","TriggerSmartContract","31","0","SUCCESS","Transfer","xyz","6","","","0","1","","193","982"
"40754610733","-5","1658700772000","42683715","TL3_l3b2LqtcekDHFGtxtyWUDELPvxCuW2","TL4_VW0TCxQ5JJvkTAnSYDcvTOj9kSoa4z","b105ec62dd13f44f8c239dbe4431cecbe74c4d30acd4367396ace18e544a0d49","1","TriggerSmartContract","31","0","SUCCESS","Transfer","xyz","6","","","0","1","","291","526"
"38705338405","-5","1658700872000","42683716","TL3_GyQQ8usssxG3ax3iGWhKwp04TONSac","TL4_Mu6wKFxdp7dqlFAE8GkX8Hqv0VMWHT","8b75e2fea3a16d17174994b3c30d3ad4be6a819e946f9c82f20092f7e1fa1af7","1","TriggerSmartContract","31","0","SUCCESS","Transfer","xyz","6","","","0","1","","114","878"
"4271504826","-5","1658700972000","42683717","TL4_AbKZGsHLjzj7ZoG6g7xWjXxw3eYJFs","TL5_Emuhu5q9fJfUjAtptQKUNEFQDRjWn9","c636702487ad566c8d2514faef5cbd584fd7a0f3b59dd20fea6d5e7cfbfcfce4","1","TriggerSmartContract","31","0","SUCCESS","Transfer","xyz","6","","","0","1","","223","778"
"34874557415","-5","1658701072000","42683718","TL4_AbKZGsHLjzj7ZoG6g7xWjXxw3eYJFs","TL5_72U13ZJD9xudm7Rc6Suo0mVLqglpym","4547809c9ac6375c8964aebc50a95336750e99ea5263766f525913b9f8bd330d","1","TriggerSmartContract","31","0","SUCCESS","Transfer","xyz","6","","","0","1","","320","993"
"12484057937","-5","1658701172000","42683719","TL3_RXQ9RH0C9jgW9mObYejFu3yGD3qHhe","TL4_WIt2I7mJrXpuhXvbC6vL27aLq7Q4KE","3cb91fb04c2d71ce820942463f735c035f5d8de301db543cde8c6d99f9c897c7","1","TriggerSmartContract","31","0","SUCCESS","Transfer","xyz","6","","","0","1","","306","518"
"33614963222","-5","1658701272000","42683720","TL4_iLNljSLqHDrvy2OJXZ1aAKh1opzbni","TL5_RvDjd6V7cV7meGdIKI7O6ZcEMogGdK","7067a6f2b74724c79ee5f88eeab72b048cceba35993863e8161c71c9a67ce220","1","TriggerSmartContract","31","0","SUCCESS","Transfer","xyz","6","","","0","1","","401","948"
"30350329150","-5","1658701372000","42683721","TL2_DiVcIW3ACfZXJp7lWfUwl42MrSQK7M","TL3_vOzxmxLWFqbCrASvyroNY8ihaRFA1y","a11ebf9c930b02c70b91834919f595e8d3653b094a4d6785e9aae4924b55c6f4","1","TriggerSmartContract","31","0","SUCCESS","Transfer","xyz","6","","","0","1","","223","636"
"36851816989","-5","1658701472000","42683722","TL1_bVUrn6C2uLGeY1CAa8wJXXF3GZ8aJp","TL2_DiVcIW3ACfZXJp7lWfUwl42MrSQK7M","813e11335f5536bbb887f9de7f320cd0a92e92ac3e62d502a82cc3b07a7e870e","1","TriggerSmartContract","31","0","SUCCESS","Transfer","xyz","6","","","0","1","","135","916"
"13927914850","-5","1658701572000","42683723","TL1_6neunA32FmCeHYF3oTP5nBoi3nvEfm","TL2_97KeDMFPhch9GtHwkuuXbIuKxWd8Fb","8c154f84a41e8e147423e8c091a3f348f47058e6c0ac573570e1e1353d371412","1","TriggerSmartContract","31","0","SUCCESS","Transfer","xyz","6","","","0","1","","5","517"
"33225975788","-5","1658701672000","42683724","TL2_BWsuLrWVniHeaW8LUTouPCjmBWaSDg","TL3_kK4HWVrkVv7wyzEmRsFgsSeLY1KDYV","610de54286344ae4f0fa20094e59361afbc895d12aa7649f5a9c5f8f3cf1555c","1","TriggerSmartContract","31","0","SUCCESS","Transfer","xyz","6","","","0","1","","442","501"
"5259055755","-5","1658701772000","42683725","TL4_AbAsVCu8KJI1AYOPk1n35E6YSlyFiW","TL5_12DGOLPegW41V3liFY7slhUBbURNO9","886949045b73e658a5a66c810f849cfdb8c11181e51a8deade7c459c3e83ccf7","1","TriggerSmartContract","31","0","SUCCESS","Transfer","xyz","6","","","0","1","","451","577"
"31555506703","-5","1658701872000","42683726","TL0_aI6pJI78svuMVUfes31mQd7HwUNOKA","TL1_sA88V1iQXNZN9Q1W9J1BK3xTnoXSP8","441e3d213857b48a37c1295151348258eafd8eae9e1039e57348ffb41ff7da5d","1","TriggerSmartContract","31","0","SUCCESS","Transfer","xyz","6","","","0","1","","33","569"
"3376341168","-5","1658701972000","42683727","TL0_P7Bo0mPb6BJYOk8JXckQQYUToiZexJ","TL1_1KB6onzAO1EjCyHvtr6mY1xlgsC9QJ","99be90b323982195a7bd8a4f33b3a6e3da435da2fd75bef3b38561fed7c2c048","1","TriggerSmartContract","31","0","SUCCESS","Transfer","xyz","6","","","0","1","","313","817"
"34699726339","-5","1658702072000","42683728","TL3_rn5fyj5a3PDPOXVlOqzSUtYLhMlYiZ","TL4_VW0TCxQ5JJvkTAnSYDcvTOj9kSoa4z","f6d7069b5ffa13c7b402a6590e2ff0a036f19088b1062a4a408203c842d5a3eb","1","TriggerSmartContract","31","0","SUCCESS","Transfer","xyz","6","","","0","1","","138","798"
"24015238555","-5","1658702172000","42683729","TL0_vaosEXnWjQOnfHhhLSspNQQxhU8dCQ","TL1_latjpyDDXmOa54jmpMtGehNZ5g6zjx","62ddcbe5bb67e2a393ccc2edd41af56e0bcb8bad65ae366765c775c0e2edfe39","1","TriggerSmartContract","31","0","SUCCESS","Transfer","xyz","6","","","0","1","","436","933"
"29270829231","-5","1658702272000","42683730","TL4_WIt2I7mJrXpuhXvbC6vL27aLq7Q4KE","TL5_12DGOLPegW41V3liFY7slhUBbURNO9","7affbaf63cad955fb5fa48ff91010bd9e0d8e95d68b67785a8a88c04c0d8cb79","1","TriggerSmartContract","31","0","SUCCESS","Transfer","xyz","6","","","0","1","","441","718"
"28874271668","-5","1658702372000","42683731","TL0_taqVhCeudh6sYk5VY5jmNbVJDv4wyu","TL1_USrap094dSP0A2fbpBRN979ck4X47Y","fee8c64b7f28bd40aaffb731017902e2cb8278a778874317608d6e2026875bd7","1","TriggerSmartContract","31","0","SUCCESS","Transfer","xyz","6","","","0","1","","319","728"
"18509073299","-5","1658702472000","42683732","TL0_AUkX7hXbf5sU6URS2kOBxOEJBnFpd9","TL1_latjpyDDXmOa54jmpMtGehNZ5g6zjx","777326b8c5b95ff66ccf71d0e4c2b7ea66c7417fa29e60e01d7d213ad494a6a2","1","TriggerSmartContract","31","0","SUCCESS","Transfer","xyz","6","","","0","1","","148","517"
"39118485613","-5","1658702572000","42683733","TL0_9QhFhNnfvCJIUinPzs5JmaLDyfVRGR","TL1_x3NfJwA4riffmafYWeuixveABSDwmd","383aa5ec285592bbebec4135eee513dcdb328c11d2fea72fef6c5ca973bddec9","1","TriggerSmartContract","31","0","SUCCESS","Transfer","xyz","6","","","0","1","","346","635"
"40579626782","-5","1658702672000","42683734","TL1_5FuqPHn4fJVcIzFEZNvDvRfZ3Tl9iD","TL2_BDMIpWCWhuISMUbPFZJ1tJ5FjXAMGT","3a4a03de893fe5a18301f6e14bbef9b98f2fcb818bd6aff90e8af1046fa8e3f9","1","TriggerSmartContract","31","0","SUCCESS","Transfer","xyz","6","","","0","1","","422","655"
"48128102219","-5","1658702772000","42683735","TL2_WX5eVqRKEd4D8qJcHyRH0xTZ1IeGtd","TL3_BzwXtvwR2HDoI9lp0SXLZJy66Pk545","17d2b96ff0b13bfa89c7e11dcd6669dfc1d9895a62a10e5727e4d2f5bfcf4d8b","1","TriggerSmartContract","31","0","SUCCESS","Transfer","xyz","6","","","0","1","","149","982"
"2408453868","-5","1658702872000","42683736","TL1_bVUrn6C2uLGeY1CAa8wJXXF3GZ8aJp","TL2_WX5eVqRKEd4D8qJcHyRH0xTZ1IeGtd","e4b626836350b80537d285cd283f57b7c36f4a16fb68eb354f13d7b5df523455","1","TriggerSmartContract","31","0","SUCCESS","Transfer","xyz","6","","","0","1","","258","558"
"26578401175","-5","1658702972000","42683737","TL1_zrAJlSW3BxWbhzUQBvbE1HVUHxiOYm","TL2_tKZV11IffE4K64uaTHbNdPZqc8i33m","7742fe54d77afe52a9bf3e8a7c01e35eabda392da27f97ee75198929ac85bf6b","1","TriggerSmartContract","31","0","SUCCESS","Transfer","xyz","6","","","0","1","","269","934"
"26225517823","-5","1658703072000","42683738","TL1_1KB6onzAO1EjCyHvtr6mY1xlgsC9QJ","TL2_BWsuLrWVniHeaW8LUTouPCjmBWaSDg","90e63289ef0221001602ab716d9ecc055456395b4d756d520e5e303f6ee96506","1","TriggerSmartContract","31","0","SUCCESS","Transfer","xyz","6","","","0","1","","40","813"
"46442755480","-5","1658703172000","42683739","TL2_ER9WRoc3sQjYEo65y8a7fOmj5QwIDV","TL3_SzTnP2oj6C3s3IPmKr6GhrSTxoqBMW","c6de749049f57d8ac449c693c94ca7629ccf8b1cd75d653498507e1b2b94c05a","1","TriggerSmartContract","31","0","SUCCESS","Transfer","xyz","6","","","0","1","","32","545"
"47464376752","-5","1658703272000","42683740","TL1_USrap094dSP0A2fbpBRN979ck4X47Y","TL2_BWsuLrWVniHeaW8LUTouPCjmBWaSDg","77b54f0a821a524d9c8922c5fbaa2edbc072166df4308236e1376d2c196a17ba","1","TriggerSmartContract","31","0","SUCCESS","Transfer","xyz","6","","","0","1","","222","955"
"17062314931","-5","1658703372000","42683741","TL2_plRFT77Ak9CZ13W0MEZKXV30XhwKAi","TL3_vOzxmxLWFqbCrASvyroNY8ihaRFA1y","b8c2194a4274b1b4a682c3d74c5e33b67b0379f6af8c7398ec515ea2be68aeb3","1","TriggerSmartContract","31","0","SUCCESS","Transfer","xyz","6","","","0","1","","10","898"
"35038088980","-5","1658703472000","42683742","TL1_PcqKlNdet4ghE0X8QflyArEpVEJMNe","TL2_6yCq6qFzdBg7XAcc2MTZay6tgrFZpE","fb40b2d583e330608ec0704e967df38ea7fe8bdbcc20ca1fa421f74495cf6100","1","TriggerSmartContract","31","0","SUCCESS","Transfer","xyz","6","","","0","1","","351","821"
"15998150759","-5","1658703572000","42683743","TL3_BzwXtvwR2HDoI9lp0SXLZJy66Pk545","TL4_ZvCZIWtX1UzEjqsu4MQFKE400WQZvs","b29657162a3378e5a122fe5a384f69276dd06e85c5f6ca05ed49c45387976062","1","TriggerSmartContract","31","0","SUCCESS","Transfer","xyz","6","","","0","1","","109","541"
"42580937869","-5","1658703672000","42683744","TL0_9QhFhNnfvCJIUinPzs5JmaLDyfVRGR","TL1_HCaeQkJOxQoCyhNFRdkhHLxbZGbnfl","22b718a2a6d9982a78ce111f731638dbf64ce3af7c087206b930fc3345cd2012","1","TriggerSmartContract","31","0","SUCCESS","Transfer","xyz","6","","","0","1","","108","944"
"26555912072","-5","1658703772000","42683745","TL2_GvJSCMjlXgOkTBjoxC5qVT5RpR6ckl","TL3_WS3EgwewkkkOaNXsP99M3Zba7UcK5T","0b479dda55407036f3ca23a3544710d4905c3c26183c2e83be150af54f03bfc0","1","TriggerSmartContract","31","0","SUCCESS","Transfer","xyz","6","","","0","1","","111","543"
"12954461692","-5","1658703872000","42683746","TL4_KBFzsI5RRQWJZDZnP5zvcw9dzSbkNy","TL5_0Zn56WfWJfUZ2RygiygT2kNOz0RwLz","d9d8f91635ba2efeeda6acb6cb7cdad350752c2f221378affa1f5f2621687d05","1","TriggerSmartContract","31","0","SUCCESS","Transfer","xyz","6","","","0","1","","256","581"
"45383432961","-5","1658703972000","42683747","TL0_AUkX7hXbf5sU6URS2kOBxOEJBnFpd9","TL1_5FuqPHn4fJVcIzFEZNvDvRfZ3Tl9iD","b24166d8e8b90eaea4960921aa771be3b3ce70ed5daf680fea24e87916c7f494","1","TriggerSmartContract","31","0","SUCCESS","Transfer","xyz","6","","","0","1","","460","971"
"31743435817","-5","1658704072000","42683748","TL2_XSKacf7btQsHrkxCHMSYue7IVCSiIw","TL3_8I1foqYajoqc28ak9vRQZwL93xMVzl","5706e0b8a24968f3a353d7e61876df03f8ff65a9ab716d7850ba524099f6eb83","1","TriggerSmartContract","31","0","SUCCESS","Transfer","xyz","6","","","0","1","","96","619"
"15329698892","-5","1658704172000","42683749","TL3_SzTnP2oj6C3s3IPmKr6GhrSTxoqBMW","TL4_3UeDLBRPnDqKI6DQ1yu7yNA1MTACdh","709e2f6baacd4011a7ca794adeb7ae45b36ad5907c6727b0c12d1c61a3a759f4","1","TriggerSmartContract","31","0","SUCCESS","Transfer","xyz","6","","","0","1","","66","747"
"27870066167","-5","1658704272000","42683750","TL4_XwmQehWrkHLszju0R4VQFoqJq8to8t","TL5_YAdrZI5Sy1LMLIQSSUEmMEQeoiz08Y","2ee9f7d1f557680c2c51855dead7fea26eb6dcf4fce1902051d0c66022787d0e","1","TriggerSmartContract","31","0","SUCCESS","Transfer","xyz","6","","","0","1","","52","700"
"24028885664","-5","1658704372000","42683751","TL4_gHmECSZgADu6c4XUkYjwcYXXUi6hdE","TL5_VkLmQloXv4tKeS5FR2t2XEXijLonXG","8d32d761b4bd81e08a100ca771d58e14c5c1c5c9ddc89bdaf2cf8d40df737b40","1","TriggerSmartContract","31","0","SUCCESS","Transfer","xyz","6","","","0","1","","388","948"
"22026306325","-5","1658704472000","42683752","TL1_IKFK0VqP6dTrXhtevphRJUTmko95Om","TL2_BWsuLrWVniHeaW8LUTouPCjmBWaSDg","af1c1959dd6cf3e039faa49e61ae977d24e454488d8f6603874f947fc5720236","1","TriggerSmartContract","31","0","SUCCESS","Transfer","xyz","6","","","0","1","","376","714"
"19412748622","-5","1658704572000","42683753","TL4_AbKZGsHLjzj7ZoG6g7xWjXxw3eYJFs","TL5_UJ2sC8FTzjCugnJhgptTbF0E9lx77s","6e345285e4ffadf18ac35bf3a97973eacf302cb95e397f9c6016346b2b82b58a","1","TriggerSmartContract","31","0","SUCCESS","Transfer","xyz","6","","","0","1","","452","801"
"21814639553","-5","1658704672000","42683754","TL2_ER9WRoc3sQjYEo65y8a7fOmj5QwIDV","TL3_RXQ9RH0C9jgW9mObYejFu3yGD3qHhe","47a55bbcb5ec58f167d057a4900dbc625ff31da6bee75a44e780959617598389","1","TriggerSmartContract","31","0","SUCCESS","Transfer","xyz","6","","","0","1","","108","515"
"19704190328","-5","1658704772000","42683755","TL3_AcZ19Ox3Omq0t5JGwbJkHXryrvFBCJ","TL4_iLNljSLqHDrvy2OJXZ1aAKh1opzbni","4a92718b9faa89efa5da37aee34b71a2167ec013f30891a6a281162b1eda2886","1","TriggerSmartContract","31","0","SUCCESS","Transfer","xyz","6","","","0","1","","88","691"
"39494956985","-5","1658704872000","42683756","TL0_UIYJAaYSKdRdFPWf6eTEl6c4VBIZ7l","TL1_latjpyDDXmOa54jmpMtGehNZ5g6zjx","66536bd13afa332e7cbc93a22704dd8cc4f56f9e9f516fb5e519be3a9d48e55a","1","TriggerSmartContract","31","0","SUCCESS","Transfer","xyz","6","","","0","1","","58","807"
"9437636273","-5","1658704972000","42683757","TL0_aI6pJI78svuMVUfes31mQd7HwUNOKA","TL1_179hEwOYz45YPSoXjjHlSzxZ17tsih","13b129f4fd11dd3c2caf27bd1898abf81c72d6f05381194664e2f627aca54f89","1","TriggerSmartContract","31","0","SUCCESS","Transfer","xyz","6","","","0","1","","445","844"
"4499867769","-5","1658705072000","42683758","TL1_PcqKlNdet4ghE0X8QflyArEpVEJMNe","TL2_ER9WRoc3sQjYEo65y8a7fOmj5QwIDV","f042d1bca3f433c6090e4c14a24d09bbe7fb7a1a3eae2cb5d822f07ce8dcc7fd","1","TriggerSmartContract","31","0","SUCCESS","Transfer","xyz","6","","","0","1","","162","935"
"42055844339","-5","1658705172000","42683759","TL3_71uqKaxZQApGGLB4rQCMBK6ercZ41r","TL4_VW0TCxQ5JJvkTAnSYDcvTOj9kSoa4z","94369e927ee0b89724579ebbaea58536c216d24911d248ab3c08a12f17b4ba0e","1","TriggerSmartContract","31","0","SUCCESS","Transfer","xyz","6","","","0","1","","357","989"
"12464342950","-5","1658705272000","42683760","TL0_VR733hBdsRSMzHPGHzIcE2Jj1E6gLM","TL1_FZmAxOTkGq0M3ZRf9yIxwTOhr09xnb","4bc4a534dd87764a2dbbdea4f935fa01e3b2974963f97cd273d4e2b7c4c96c73","1","TriggerSmartContract","31","0","SUCCESS","Transfer","xyz","6","","","0","1","","493","937"
"38031092350","-5","1658705372000","42683761","TL0_UIYJAaYSKdRdFPWf6eTEl6c4VBIZ7l","TL1_zrAJlSW3BxWbhzUQBvbE1HVUHxiOYm","a2abf97578bec80ea81398f6514f16102dffa0c340a40fbe72ce80481c0b8169","1","TriggerSmartContract","31","0","SUCCESS","Transfer","xyz","6","","","0","1","","483","593"
"31298194320","-5","1658705472000","42683762","TL4_vRLoLJ8UtHnMdfLBRTeRQ8Njpywwsn","TL5_7uwku1ryKfIXoMlRjuKXCkWtY52U4G","5bfe2058c4ed0b7c5cf6462ed5a9979ab0daf277b8ebce6a85acb11461730572","1","TriggerSmartContract","31","0","SUCCESS","Transfer","xyz","6","","","0","1","","217","736"
"14950607018","-5","1658705572000","42683763","TL2_Ky7EcI91QSBSXoTJIhCejQEieBOVZ4","TL3_8I1foqYajoqc28ak9vRQZwL93xMVzl","e576b3743354abf6620f26ae05c8b46103af54ca852b47833ecaabf985718451","1","TriggerSmartContract","31","0","SUCCESS","Transfer","xyz","6","","","0","1","","69","648"
"31124999041","-5","1658705672000","42683764","TL0_AUkX7hXbf5sU6URS2kOBxOEJBnFpd9","TL1_6WrFZvSTfPkYlvIFhF6eyZVdxUSG4H","8fb1d4033fd999d2d116c972bd60f0301811564800590f52f1ca66faa7c6b714","1","TriggerSmartContract","31","0","SUCCESS","Transfer","xyz","6","","","0","1","","16","974"
"15063162607","-5","1658705772000","42683765","TL4_AbKZGsHLjzj7ZoG6g7xWjXxw3eYJFs","TL5_VkLmQloXv4tKeS5FR2t2XEXijLonXG","ba7a8d34d5833eeefba675efad4a02255b682e44aca32490b8e5b46d79b852c6","1","TriggerSmartContract","31","0","SUCCESS","Transfer","xyz","6","","","0","1","","71","614"
"15326709142","-5","1658705872000","42683766","TL0_m1HG4p1UO1vvToY5G5iAyLzXC5zmlx","TL1_VfD4h8bUyXdrstR4btiWZPhpGgg4k6","bddb278c9d62db09d7c2dc1ee833926201569ad22c7fb52ec133ba1116ed02ea","1","TriggerSmartContract","31","0","SUCCESS","Transfer","xyz","6","","","0","1","","98","926"
"3685951975","-5","1658705972000","42683767","TL0_yG9OXG4LxA2Euv6Nzu7VKu6dnFxb6W","TL1_rlnBSbJ8cG6quaCf6T1W0gdNfL1FSk","dd4b54cf854eb2268df7e448e427c94c5193e86d2ad3f146e74034e45f5cd206","1","TriggerSmartContract","31","0","SUCCESS","Transfer","xyz","6","","","0","1","","85","520"
"19682825178","-5","1658706072000","42683768","TL3_vOzxmxLWFqbCrASvyroNY8ihaRFA1y","TL4_XwmQehWrkHLszju0R4VQFoqJq8to8t","b76c320abe2def90a70b35c743710435d6b4c1f72dac8e892115e0360fba84de","1","TriggerSmartContract","31","0","SUCCESS","Transfer","xyz","6","","","0","1","","165","940"
"2979474077","-5","1658706172000","42683769","TL0_iMF3oRaX5T6BX0f06IgJ5JpdQfkDxf","TL1_sA88V1iQXNZN9Q1W9J1BK3xTnoXSP8","376cd5d897c4282b6e6a9bd88cc97eb1ee9a9c730972f6a66e34e038cb55345d","1","TriggerSmartContract","31","0","SUCCESS","Transfer","xyz","6","","","0","1","","383","587"
"20743529698","-5","1658706272000","42683770","TL3_4TTZRMskZR8mYUkAItGx0pRwsqFwzp","TL4_gHmECSZgADu6c4XUkYjwcYXXUi6hdE","79cf7ca245a148354d3110540f747cdc41c2c1e3b01747b2ea6d3d714b4536da","1","TriggerSmartContract","31","0","SUCCESS","Transfer","xyz","6","","","0","1","","28","714"
"7273361332","-5","1658706372000","42683771","TL4_uN3W0hFXmfEaybXpjHesbNSi5xJZSp","TL5_09ATntxXgLI5BseChRpOXMy9Rrtyop","d5c93615306bddf16045fda491ec665a3394f3a3d7c0958a0bab45070d5a3de4","1","TriggerSmartContract","31","0","SUCCESS","Transfer","xyz","6","","","0","1","","255","837"
"2000001644","-5","1658706472000","42683772","TL0_9QhFhNnfvCJIUinPzs5JmaLDyfVRGR","TL1_cAhrd4mck9SZCfEmUr3Y3ZmPLbs4J1","2d12cda2c1cdd04afe6cc446fe07e581f65c3b8270c07c7751ca4c97a38ace8f","1","TriggerSmartContract","31","0","SUCCESS","Transfer","xyz","6","","","0","1","","63","749"
"45275216849","-5","1658706572000","42683773","TL1_FZmAxOTkGq0M3ZRf9yIxwTOhr09xnb","TL2_ApeXZAQBP8SpUzUtIejSZTlRD5ZI6F","09ef37b64d933fc2c92ea9178f6dee3ee20b804f8f097a5ad01ed514d18e06eb","1","TriggerSmartContract","31","0","SUCCESS","Transfer","xyz","6","","","0","1","","251","828"
"15461858903","-5","1658706672000","42683774","TL3_AcZ19Ox3Omq0t5JGwbJkHXryrvFBCJ","TL4_kxsyrx8U8tKiuECnHQBglQw200pLGW","7922dafe9eb5092fe8537409e99dbe97c74a5c4197358b40f407add8a8414576","1","TriggerSmartContract","31","0","SUCCESS","Transfer","xyz","6","","","0","1","","330","942"
"24601479120","-5","1658706772000","42683775","TL1_xMH0GYoyXNLNLRhlLtwSUtl9x8PHUh","TL2_GvJSCMjlXgOkTBjoxC5qVT5RpR6ckl","9d294901951d6c06bab332244cbfe1e6b8efea16c29c3aaea56ce53c0be5cd51","1","TriggerSmartContract","31","0","SUCCESS","Transfer","xyz","6","","","0","1","","295","556"
"46034680458","-5","1658706872000","42683776","TL4_aJXjeDQQuTDs3GwLmPpb1yBgLDfngo","TL5_UJ2sC8FTzjCugnJhgptTbF0E9lx77s","4387be42c80eb2311cd22eeb7ea9772d77a3b7d96a1e9b24f9b58c00171e840f","1","TriggerSmartContract","31","0","SUCCESS","Transfer","xyz","6","","","0","1","","442","935"
"22550145127","-5","1658706972000","42683777","TL4_vRLoLJ8UtHnMdfLBRTeRQ8Njpywwsn","TL5_j6uZTzEKajmJGRj7WIjOvoGronOfd5","8e9a4ab0dfb4e982306ef7c45c21e62a55f3cb43be19a83bcdc806a26168e03c","1","TriggerSmartContract","31","0","SUCCESS","Transfer","xyz","6","","","0","1","","355","732"
"22511773210","-5","1658707072000","42683778","TL4_gHmECSZgADu6c4XUkYjwcYXXUi6hdE","TL5_YAdrZI5Sy1LMLIQSSUEmMEQeoiz08Y","c031205750c63e039eb726224b78daaa27b7bda13d38b515a0bb6d05317db928","1","TriggerSmartContract","31","0","SUCCESS","Transfer","xyz","6","","","0","1","","213","614"
"434254562","-5","1658707172000","42683779","TL3_vOzxmxLWFqbCrASvyroNY8ihaRFA1y","TL4_CnUx2xZlk28Eo4TvJykVjvzKrfgVmO","5f39be703f22e78be96d9fc141c974b1808d27dbc47704c37cf8bbb813561a5f","1","TriggerSmartContract","31","0","SUCCESS","Transfer","xyz","6","","","0","1","","402","917"
"27936513117","-5","1658707272000","42683780","TL4_AbKZGsHLjzj7ZoG6g7xWjXxw3eYJFs","TL5_Hm02PXoLObpPocHp6vjBmJ3lSRVB74","f33c35d7b9fee0cbd94ef5df4be8d462484da0c0170a0b701f515d21cc2c4794","1","TriggerSmartContract","31","0","SUCCESS","Transfer","xyz","6","","","0","1","","307","863"
"18515704941","-5","1658707372000","42683781","TL3_xhpf4FokZfCokzanP1ozDGWJTAkl6o","TL4_Mu6wKFxdp7dqlFAE8GkX8Hqv0VMWHT","76b23dcda2db482c691d186d2df46a92a4c84df1dbf2f68275aa0d893c43c74f","1","TriggerSmartContract","31","0","SUCCESS","Transfer","xyz","6","","","0","1","","285","883"
"1398047615","-5","1658707472000","42683782","TL1_rlnBSbJ8cG6quaCf6T1W0gdNfL1FSk","TL2_6yCq6qFzdBg7XAcc2MTZay6tgrFZpE","1cec650073065fb2bb501bb2da320406f1508a831413e188300cdc39e9860f12","1","TriggerSmartContract","31","0","SUCCESS","Transfer","xyz","6","","","0","1","","415","649"
"36395472557","-5","1658707572000","42683783","TL2_plRFT77Ak9CZ13W0MEZKXV30XhwKAi","TL3_BzwXtvwR2HDoI9lp0SXLZJy66Pk545","f046d735ffbc9a6e345fcf9c8075dd1df0c6be7a95f32b4e64ad1fab496dcf71","1","TriggerSmartContract","31","0","SUCCESS","Transfer","xyz","6","","","0","1","","346","879"
"28747532229","-5","1658707672000","42683784","TL1_5FuqPHn4fJVcIzFEZNvDvRfZ3Tl9iD","TL2_GvJSCMjlXgOkTBjoxC5qVT5RpR6ckl","c2a739542055ffd4e86f53891f2efa956a23f3e89aeda14418c98673da1d274d","1","TriggerSmartContract","31","0","SUCCESS","Transfer","xyz","6","","","0","1","","432","527"
"49966936752","-5","1658707772000","42683785","TL1_PcqKlNdet4ghE0X8QflyArEpVEJMNe","TL2_WX5eVqRKEd4D8qJcHyRH0xTZ1IeGtd","ac2e6995d517b18de7ad7b99a4a8979b8ff5a5804dbc37337cdad9690ad2737e","1","TriggerSmartContract","31","0","SUCCESS","Transfer","xyz","6","","","0","1","","140","553"
"25197676667","-5","1658707872000","42683786","TL3_nW40NdboHbBmNL2ffVgjSeAcozeOY5","TL4_AbAsVCu8KJI1AYOPk1n35E6YSlyFiW","f12aeb1d909e9f4dc5932ea827c96d23314ee6bab9fb7d23211f7330f55f0d7a","1","TriggerSmartContract","31","0","SUCCESS","Transfer","xyz","6","","","0","1","","147","652"
"11515854538","-5","1658707972000","42683787","TL1_6WrFZvSTfPkYlvIFhF6eyZVdxUSG4H","TL2_plRFT77Ak9CZ13W0MEZKXV30XhwKAi","a41c3e01311e8a70e2efe4a826ca5938c50078f4c3c331cb9861887266665326","1","TriggerSmartContract","31","0","SUCCESS","Transfer","xyz","6","","","0","1","","257","759"
"6317291081","-5","1658708072000","42683788","TL1_179hEwOYz45YPSoXjjHlSzxZ17tsih","TL2_JrpCVnYdEEm3pLDvBImppMEQWC47Xc","907690a89aa1bd95f590f2326042fd77367cc7f9d934710377b5c0c33540b48e","1","TriggerSmartContract","31","0","SUCCESS","Transfer","xyz","6","","","0","1","","320","931"
"46891621476","-5","1658708172000","42683789","TL4_VW0TCxQ5JJvkTAnSYDcvTOj9kSoa4z","TL5_Hm02PXoLObpPocHp6vjBmJ3lSRVB74","e1b58c949a93622f36b832a01b5fb41250e2a315ac70b57429266ea08092abc8","1","TriggerSmartContract","31","0","SUCCESS","Transfer","xyz","6","","","0","1","","6","986"
"43258308593","-5","1658708272000","42683790","TL0_AUkX7hXbf5sU6URS2kOBxOEJBnFpd9","TL1_x3NfJwA4riffmafYWeuixveABSDwmd","5613e4692ab5aa13a1f6552e71eaf67aa1e7dd7a73912c8457d5b1f9d0a9a584","1","TriggerSmartContract","31","0","SUCCESS","Transfer","xyz","6","","","0","1","","276","764"
"22708274141","-5","1658708372000","42683791","TL2_GvJSCMjlXgOkTBjoxC5qVT5RpR6ckl","TL3_ojraCqvyswEfxVcwEmhoqU1de4eGDo","d7ea665c5c28c3c21fb78707e9c0425c0f0276bfb58c53dfefcfb53c7599855f","1","TriggerSmartContract","31","0","SUCCESS","Transfer","xyz","6","","","0","1","","437","999"
"27062846309","-5","1658708472000","42683792","TL3_SzTnP2oj6C3s3IPmKr6GhrSTxoqBMW","TL4_CnUx2xZlk28Eo4TvJykVjvzKrfgVmO","e3a6486124e288e19afb8e3d50148b35f9cb27a4987060e674feb6535507eed7","1","TriggerSmartContract","31","0","SUCCESS","Transfer","xyz","6","","","0","1","","386","906"
"14605974545","-5","1658708572000","42683793","TL1_PcqKlNdet4ghE0X8QflyArEpVEJMNe","TL2_KiQjOWGPigo5c5e6Wm6aJTHt4GaI7t","835092600ec9cc2b5a32faf6d999ec07f336a8887d167592f72586b787e1c246","1","TriggerSmartContract","31","0","SUCCESS","Transfer","xyz","6","","","0","1","","184","712"
"911493389","-5","1658708672000","42683794","TL1_zrAJlSW3BxWbhzUQBvbE1HVUHxiOYm","TL2_GvJSCMjlXgOkTBjoxC5qVT5RpR6ckl","41956d6912698e490b9cbd7cdc7709c7b6e5a519e2a4a76f5d683dcac5287469","1","TriggerSmartContract","31","0","SUCCESS","Transfer","xyz","6","","","0","1","","126","536"
"5838166887","-5","1658708772000","42683795","TL3_ojraCqvyswEfxVcwEmhoqU1de4eGDo","TL4_l5qADKVYMXHlIPHgLpxnNi0WCrqUle","3499f0ea5acf1a7f302cd1214eadf9fcc3323a215016f848c51756e4e9e7c572","1","TriggerSmartContract","31","0","SUCCESS","Transfer","xyz","6","","","0","1","","283","523"
"21746845483","-5","1658708872000","42683796","TL2_gViXSgEX773nnQ3pYXlcBwJ4Xr27FJ","TL3_71uqKaxZQApGGLB4rQCMBK6ercZ41r","7c7182b3379d718fe9201ceb053402b3fcd8f9ec90c64c34bbb895e66e6db340","1","TriggerSmartContract","31","0","SUCCESS","Transfer","xyz","6","","","0","1","","482","508"
"46060831565","-5","1658708972000","42683797","TL2_ApeXZAQBP8SpUzUtIejSZTlRD5ZI6F","TL3_WS3EgwewkkkOaNXsP99M3Zba7UcK5T","1a01561955904105a05b2993426018f83a864d1f6464b9d4c581e8083cac1274","1","TriggerSmartContract","31","0","SUCCESS","Transfer","xyz","6","","","0","1","","205","929"
"9372482143","-5","1658709072000","42683798","TL2_XSKacf7btQsHrkxCHMSYue7IVCSiIw","TL3_ojraCqvyswEfxVcwEmhoqU1de4eGDo","0bda5e4941637d4c49df3e19f472ae15d1081d6ea6576b1d5d55ae947d58527e","1","TriggerSmartContract","31","0","SUCCESS","Transfer","xyz","6","","","0","1","","3","817"
"46780525302","-5","1658709172000","42683799","TL0_tGzjrZ4EcEO4cCG8JvIlDtxeyC7fay","TL1_latjpyDDXmOa54jmpMtGehNZ5g6zjx","7fc365bdc5efddba551c0841fac0ffe0f2f6a0b2ac345dc79d3de0d4e4d91bf5","1","TriggerSmartContract","31","0","SUCCESS","Transfer","xyz","6","","","0","1","","123","790"
"39222258702","-5","1658709272000","42683800","TL1_cAhrd4mck9SZCfEmUr3Y3ZmPLbs4J1","TL2_97KeDMFPhch9GtHwkuuXbIuKxWd8Fb","10d41c7e0734b7b87640de2ea2563af803a883e27a46bd9c105299b579ba9e26","1","TriggerSmartContract","31","0","SUCCESS","Transfer","xyz","6","","","0","1","","32","525"
"24330978906","-5","1658709372000","42683801","TL0_UIYJAaYSKdRdFPWf6eTEl6c4VBIZ7l","TL1_latjpyDDXmOa54jmpMtGehNZ5g6zjx","44c6622f9a0afbd9ec38cf93a982438600b1b4b6153647a293289e71bcecdb90","1","TriggerSmartContract","31","0","SUCCESS","Transfer","xyz","6","","","0","1","","358","682"
"35340555840","-5","1658709472000","42683802","TL0_vaosEXnWjQOnfHhhLSspNQQxhU8dCQ","TL1_PcqKlNdet4ghE0X8QflyArEpVEJMNe","5b677e13fc29a7dd02afd19a9a6d722e581956415b90481c06b7744ad961edff","1","TriggerSmartContract","31","0","SUCCESS","Transfer","xyz","6","","","0","1","","90","796"
"48992230105","-5","1658709572000","42683803","TL1_VfD4h8bUyXdrstR4btiWZPhpGgg4k6","TL2_BDMIpWCWhuISMUbPFZJ1tJ5FjXAMGT","8915efc3f362c2ad1226b5de91b5c29ebfc5bd85502f23c75069fd2359f9d180","1","TriggerSmartContract","31","0","SUCCESS","Transfer","xyz","6","","","0","1","","422","785"
"10484405765","-5","1658709672000","42683804","TL0_yG9OXG4LxA2Euv6Nzu7VKu6dnFxb6W","TL1_xMH0GYoyXNLNLRhlLtwSUtl9x8PHUh","c91921993078ba6b39b279e0c270eedf65b68e5f279ee890d079b3af1747e648","1","TriggerSmartContract","31","0","SUCCESS","Transfer","xyz","6","","","0","1","","265","589"
"29959596852","-5","1658709772000","42683805","TL3_4TTZRMskZR8mYUkAItGx0pRwsqFwzp","TL4_CnUx2xZlk28Eo4TvJykVjvzKrfgVmO","8a8af5ef8251e0b4397b8741088ec72c17ec7a84bbda415348916404e9f5f235","1","TriggerSmartContract","31","0","SUCCESS","Transfer","xyz","6","","","0","1","","92","900"
"14806545120","-5","1658709872000","42683806","TL1_5FuqPHn4fJVcIzFEZNvDvRfZ3Tl9iD","TL2_6yCq6qFzdBg7XAcc2MTZay6tgrFZpE","322509a7437a0e7fdcb5df897823afa2271849466839dc3e192136d0f7806405","1","TriggerSmartContract","31","0","SUCCESS","Transfer","xyz","6","","","0","1","","447","743"
"35413354569","-5","1658709972000","42683807","TL4_3UeDLBRPnDqKI6DQ1yu7yNA1MTACdh","TL5_Hm02PXoLObpPocHp6vjBmJ3lSRVB74","41132e2a394ccdc1f1250a0587477a1c0208455a5b9f98fe66531a998302cbf5","1","TriggerSmartContract","31","0","SUCCESS","Transfer","xyz","6","","","0","1","","496","595"
"25040354184","-5","1658710072000","42683808","TL4_vRLoLJ8UtHnMdfLBRTeRQ8Njpywwsn","TL5_RvDjd6V7cV7meGdIKI7O6ZcEMogGdK","0a99ce08dbb0d7c5d284c7c9483d1a843cc53f6265a5a095ad74badce17df357","1","TriggerSmartContract","31","0","SUCCESS","Transfer","xyz","6","","","0","1","","32","927"
"16775525504","-5","1658710172000","42683809","TL0_v7iMG98dBARNHX3ADfdqjJrA07Bb7g","TL1_1KB6onzAO1EjCyHvtr6mY1xlgsC9QJ","764ff05e6ac22046452da934807cd640b30436b46153586e27996b51743210ef","1","TriggerSmartContract","31","0","SUCCESS","Transfer","xyz","6","","","0","1","","32","684"
"40382340684","-5","1658710272000","42683810","TL2_tiUzYXVBKjVqEcCnLvKoKMZbsQWj7R","TL3_BzwXtvwR2HDoI9lp0SXLZJy66Pk545","b75f9092788dd4f0a43404299ac4efb5a803d050a10181226567640eceffff1b","1","TriggerSmartContract","31","0","SUCCESS","Transfer","xyz","6","","","0","1","","300","674"
"18786570139","-5","1658710372000","42683811","TL2_97KeDMFPhch9GtHwkuuXbIuKxWd8Fb","TL3_xhpf4FokZfCokzanP1ozDGWJTAkl6o","39bdab8801ac656e4ba30bb93bfa785a6a232c129a4b0345a3ee5e85e7e7a05f","1","TriggerSmartContract","31","0","SUCCESS","Transfer","xyz","6","","","0","1","","280","858"
"19282843243","-5","1658710472000","42683812","TL3_kK4HWVrkVv7wyzEmRsFgsSeLY1KDYV","TL4_kxsyrx8U8tKiuECnHQBglQw200pLGW","2bc6335e97cad12141379264a6db51036fa5c1c8225c33838e65f0bf34ed8cb9","1","TriggerSmartContract","31","0","SUCCESS","Transfer","xyz","6","","","0","1","","262","948"
"26097786816","-5","1658710572000","42683813","TL2_DiVcIW3ACfZXJp7lWfUwl42MrSQK7M","TL3_PHlKp2OVI7duPLZvJZ2eVC6p3RamTL","b8a5a066f05fa64d3a5f6fe6564668c22eaaa1f9795c13262e6b2fe97348fd47","1","TriggerSmartContract","31","0","SUCCESS","Transfer","xyz","6","","","0","1","","301","820"
"30635717213","-5","1658710672000","42683814","TL3_BzwXtvwR2HDoI9lp0SXLZJy66Pk545","TL4_l5qADKVYMXHlIPHgLpxnNi0WCrqUle","0066f1db6d1ebd820f33bc1ff8a0a1b99c24e25ad2099e31e8d5e41d2f4c8d5a","1","TriggerSmartContract","31","0","SUCCESS","Transfer","xyz","6","","","0","1","","166","864"
"20550594541","-5","1658710772000","42683815","TL0_yG9OXG4LxA2Euv6Nzu7VKu6dnFxb6W","TL1_zrAJlSW3BxWbhzUQBvbE1HVUHxiOYm","740742f5a9fbdd1ba26caf7309c9c468ff30223c451e197bb1b0fc3618735a4a","1","TriggerSmartContract","31","0","SUCCESS","Transfer","xyz","6","","","0","1","","477","637"
"18619087162","-5","1658710872000","42683816","TL0_NhuaT4tSKAC9rG1UI941POz9JwRoPG","TL1_rlnBSbJ8cG6quaCf6T1W0gdNfL1FSk","2771bc903e6979b19fcadab00a6df8a2f4ed140e8c31c88b6928c77d5d3bed9d","1","TriggerSmartContract","31","0","SUCCESS","Transfer","xyz","6","","","0","1","","22","858"
"41396196205","-5","1658710972000","42683817","TL2_XSKacf7btQsHrkxCHMSYue7IVCSiIw","TL3_n5om1HDQO987aiKMH0LSRKULZfFWe9","e3b7bddcc3fd7454c34165033b4352964809363a7ceb4c7bf00629d17802cce8","1","TriggerSmartContract","31","0","SUCCESS","Transfer","xyz","6","","","0","1","","456","845"
"29418176544","-5","1658711072000","42683818","TL1_rlnBSbJ8cG6quaCf6T1W0gdNfL1FSk","TL2_Bv09ezcTdU6daGBiMXPD53dmS1Jh66","622d7918fdd1512b62e61d9b23553fe0df9482bfae5f959cf5d55a4f83e6b38c","1","TriggerSmartContract","31","0","SUCCESS","Transfer","xyz","6","","","0","1","","163","854"
"34759367606","-5","1658711172000","42683819","TL1_USrap094dSP0A2fbpBRN979ck4X47Y","TL2_ApeXZAQBP8SpUzUtIejSZTlRD5ZI6F","3066a99bc5d71205b60cf245fbb52f2b0b4bf4f119b6b9c38e195f511ad65362","1","TriggerSmartContract","31","0","SUCCESS","Transfer","xyz","6","","","0","1","","157","687"
"4057297433","-5","1658711272000","42683820","TL0_rnp87INqOT9hESBPknZ8xm0pZOvOPX","TL1_cAhrd4mck9SZCfEmUr3Y3ZmPLbs4J1","2b498953d053947202e0665606ca3446c391ee34c2631ac39ed4e7a55b97d259","1","TriggerSmartContract","31","0","SUCCESS","Transfer","xyz","6","","","0","1","","445","622"
"48702468839","-5","1658711372000","42683821","TL3_l3b2LqtcekDHFGtxtyWUDELPvxCuW2","TL4_AbKZGsHLjzj7ZoG6g7xWjXxw3eYJFs","8100198006358e5d0f387d9b5b0ca504367e0a138e8a12f70afe0f31b17a57b4","1","TriggerSmartContract","31","0","SUCCESS","Transfer","xyz","6","","","0","1","","173","853"
"24512303572","-5","1658711472000","42683822","TL3_RXQ9RH0C9jgW9mObYejFu3yGD3qHhe","TL4_ZvCZIWtX1UzEjqsu4MQFKE400WQZvs","a03af94c916d81fe7e7edb2a42a9f5a534cae83ae96d4977551041661a263f63","1","TriggerSmartContract","31","0","SUCCESS","Transfer","xyz","6","","","0","1","","377","728"
"22031967775","-5","1658711572000","42683823","TL3_4TTZRMskZR8mYUkAItGx0pRwsqFwzp","TL4_VW0TCxQ5JJvkTAnSYDcvTOj9kSoa4z","6ac2030f2197be536fc0ad90f4f7623eaef290e6ec6b3d6cc4ace5c1ee22c35d","1","TriggerSmartContract","31","0","SUCCESS","Transfer","xyz","6","","","0","1","","124","604"
"43849747499","-5","1658711672000","42683824","TL1_EsrtUnJPucMUH59GU0GC2EBp22DbF8","TL2_gViXSgEX773nnQ3pYXlcBwJ4Xr27FJ","234bdcfa01b968102b9685367b7e472c56f390c77ebba94dfb1ad85382dfafd2","1","TriggerSmartContract","31","0","SUCCESS","Transfer","xyz","6","","","0","1","","395","713"
"25491515250","-5","1658711772000","42683825","TL1_bVUrn6C2uLGeY1CAa8wJXXF3GZ8aJp","TL2_6954LHjM4oYDXJuKKdw5VeTXKjqT6p","a179092853f0ed6ab05d0f9b44dd6267128e18b897d7d8e54563853a2b07387d","1","TriggerSmartContract","31","0","SUCCESS","Transfer","xyz","6","","","0","1","","5","865"
"45834133921","-5","1658711872000","42683826","TL1_6neunA32FmCeHYF3oTP5nBoi3nvEfm","TL2_gViXSgEX773nnQ3pYXlcBwJ4Xr27FJ","ac842252e028b85cfff51c47883154906034b9f0ba5025f6bcdddf85c7038ce7","1","TriggerSmartContract","31","0","SUCCESS","Transfer","xyz","6","","","0","1","","456","732"
"11735432076","-5","1658711972000","42683827","TL0_iMF3oRaX5T6BX0f06IgJ5JpdQfkDxf","TL1_bVUrn6C2uLGeY1CAa8wJXXF3GZ8aJp","b50afe51ece434903590eb2abffcfcd322b5569f6d494dcc65e5661acf1bf33c","1","TriggerSmartContract","31","0","SUCCESS","Transfer","xyz","6","","","0","1","","290","844"
"34627351713","-5","1658712072000","42683828","TL0_rnp87INqOT9hESBPknZ8xm0pZOvOPX","TL1_HCaeQkJOxQoCyhNFRdkhHLxbZGbnfl","df2cf299683b402f5d0fad27710b86d7954322e950037a2d99523b33f6303233","1","TriggerSmartContract","31","0","SUCCESS","Transfer","xyz","6","","","0","1","","277","593"
"47034457181","-5","1658712172000","42683829","TL0_k6Z1kmnMZcOpr1Xp59BGbnYn8u80cE","TL1_bVUrn6C2uLGeY1CAa8wJXXF3GZ8aJp","2321bfa0453478b311f1efe6669db0ca6e4142cf0346c7982657bf715e9afa30","1","TriggerSmartContract","31","0","SUCCESS","Transfer","xyz","6","","","0","1","","334","642"
"43807422375","-5","1658712272000","42683830","TL0_vaosEXnWjQOnfHhhLSspNQQxhU8dCQ","TL1_FZmAxOTkGq0M3ZRf9yIxwTOhr09xnb","acd75392dda54ee73074c864b81532a90568bb42c4a7b1cb7f7c65f96cb56eb5","1","TriggerSmartContract","31","0","SUCCESS","Transfer","xyz","6","","","0","1","","198","671"
"40911645230","-5","1658712372000","42683831","TL2_Bv09ezcTdU6daGBiMXPD53dmS1Jh66","TL3_vOzxmxLWFqbCrASvyroNY8ihaRFA1y","57ec1d6eaf209729bda933f9f652f913cc9d8bc211b33b918eef89de2b883fd5","1","TriggerSmartContract","31","0","SUCCESS","Transfer","xyz","6","","","0","1","","287","536"
"16516052524","-5","1658712472000","42683832","TL2_KiQjOWGPigo5c5e6Wm6aJTHt4GaI7t","TL3_WS3EgwewkkkOaNXsP99M3Zba7UcK5T","71a7b75f2618e2150cf3942c37d363bed4ed8d3640adc2eb78a27591fd3ab859","1","TriggerSmartContract","31","0","SUCCESS","Transfer","xyz","6","","","0","1","","232","765"
"34561806247","-5","1658712572000","42683833","TL2_BDMIpWCWhuISMUbPFZJ1tJ5FjXAMGT","TL3_SzTnP2oj6C3s3IPmKr6GhrSTxoqBMW","2cf888abe9bf520d2bb9696218d5b75f28bd19c70dd95cc312e068a417c00675","1","TriggerSmartContract","31","0","SUCCESS","Transfer","xyz","6","","","0","1","","101","961"
"13099963114","-5","1658712672000","42683834","TL3_BzwXtvwR2HDoI9lp0SXLZJy66Pk545","TL4_vRLoLJ8UtHnMdfLBRTeRQ8Njpywwsn","f255b69ae19d7d32dd1a6496ab29a1da70fc9619945d913da0e256c09dfbb1e6","1","TriggerSmartContract","31","0","SUCCESS","Transfer","xyz","6","","","0","1","","20","660"
"16208540006","-5","1658712772000","42683835","TL1_6WrFZvSTfPkYlvIFhF6eyZVdxUSG4H","TL2_6yCq6qFzdBg7XAcc2MTZay6tgrFZpE","ab30b85bedcd804471fa6b90828bb14f240d803120666f01b83ccda6bded0d96","1","TriggerSmartContract","31","0","SUCCESS","Transfer","xyz","6","","","0","1","","112","766"
"27400599422","-5","1658712872000","42683836","TL4_VW0TCxQ5JJvkTAnSYDcvTOj9kSoa4z","TL5_72U13ZJD9xudm7Rc6Suo0mVLqglpym","2ed3b062834998a2befde94c066a3e527e40eae2fd6721645f1d4f625a8106b1","1","TriggerSmartContract","31","0","SUCCESS","Transfer","xyz","6","","","0","1","","401","735"
"39209463990","-5","1658712972000","42683837","TL2_tKZV11IffE4K64uaTHbNdPZqc8i33m","TL3_71uqKaxZQApGGLB4rQCMBK6ercZ41r","32760d2e3de930aad0f6a098c9cd655e72fe3a9c1c2dd0ec0897b9a55e7016b5","1","TriggerSmartContract","31","0","SUCCESS","Transfer","xyz","6","","","0","1","","456","669"
"12344865846","-5","1658713072000","42683838","TL3_ojraCqvyswEfxVcwEmhoqU1de4eGDo","TL4_vRLoLJ8UtHnMdfLBRTeRQ8Njpywwsn","952c773c2dff2f83b051aa83d3a1c8d126e1f3e19f6f5d4d900610095858437a","1","TriggerSmartContract","31","0","SUCCESS","Transfer","xyz","6","","","0","1","","187","888"
"3601634469","-5","1658713172000","42683839","TL3_PHlKp2OVI7duPLZvJZ2eVC6p3RamTL","TL4_XcHUYt5TEH6ZuUneVzWQXHg5jmPuvp","ef07dc4e24c60a182ea0332ff1657fc84a26cd9083720f18fbff34354690ac83","1","TriggerSmartContract","31","0","SUCCESS","Transfer","xyz","6","","","0","1","","282","717"
"13340955430","-5","1658713272000","42683840","TL2_JrpCVnYdEEm3pLDvBImppMEQWC47Xc","TL3_n5om1HDQO987aiKMH0LSRKULZfFWe9","143ef46a867586380ee01fa3f6a9c00782d9cf95f9e810350bd0d3c3666f63c2","1","TriggerSmartContract","31","0","SUCCESS","Transfer","xyz","6","","","0","1","","176","799"
"6853354206","-5","1658713372000","42683841","TL0_kChf5Gga6bHWT6dQqfLEl707AgDurv","TL1_179hEwOYz45YPSoXjjHlSzxZ17tsih","e1262eb03d04250b870812e6b16336c719e93aecb29170824f763bef728d15b7","1","TriggerSmartContract","31","0","SUCCESS","Transfer","xyz","6","","","0","1","","171","962"
"17215442718","-5","1658713472000","42683842","TL1_sA88V1iQXNZN9Q1W9J1BK3xTnoXSP8","TL2_KiQjOWGPigo5c5e6Wm6aJTHt4GaI7t","eb6f99d70b696395aade2a69201439cf9b078973b05ec73372f44a74d01029ca","1","TriggerSmartContract","31","0","SUCCESS","Transfer","xyz","6","","","0","1","","275","578"
"28382649686","-5","1658713572000","42683843","TL3_PHlKp2OVI7duPLZvJZ2eVC6p3RamTL","TL4_KBFzsI5RRQWJZDZnP5zvcw9dzSbkNy","42cbf612ad1b1353a2ecb63f8bbab9a6445ec873fe804b479a189c2ebe8aed77","1","TriggerSmartContract","31","0","SUCCESS","Transfer","xyz","6","","","0","1","","280","579"
"44568614562","-5","1658713672000","42683844","TL1_IKFK0VqP6dTrXhtevphRJUTmko95Om","TL2_6954LHjM4oYDXJuKKdw5VeTXKjqT6p","e45a98944858792c82c4f4c0f251e8f7e6351f0f1447f6dff17b822e714a614b","1","TriggerSmartContract","31","0","SUCCESS","Transfer","xyz","6","","","0","1","","370","943"
"28146978801","-5","1658713772000","42683845","TL4_fLtlECp1Zh2GVrMHEM2l6br6wSSGHq","TL5_72U13ZJD9xudm7Rc6Suo0mVLqglpym","cae4939bc9ae13cfddc8fd74439d3da176dbe035f37c9c7b203e58493a7bc20d","1","TriggerSmartContract","31","0","SUCCESS","Transfer","xyz","6","","","0","1","","443","970"
"46348728016","-5","1658713872000","42683846","TL2_plRFT77Ak9CZ13W0MEZKXV30XhwKAi","TL3_4TTZRMskZR8mYUkAItGx0pRwsqFwzp","c01ce42bcba8cba84f3996775555361b33faf9775c1132894a9695739eec3690","1","TriggerSmartContract","31","0","SUCCESS","Transfer","xyz","6","","","0","1","","493","781"
"19611711464","-5","1658713972000","42683847","TL2_ApeXZAQBP8SpUzUtIejSZTlRD5ZI6F","TL3_vOzxmxLWFqbCrASvyroNY8ihaRFA1y","0aa8e92702231d1a81edda0ab9516d6cb3e8162c39db4913e5da65afab0f1c23","1","TriggerSmartContract","31","0","SUCCESS","Transfer","xyz","6","","","0","1","","344","945"
"29379308635","-5","1658714072000","42683848","TL2_tiUzYXVBKjVqEcCnLvKoKMZbsQWj7R","TL3_l3b2LqtcekDHFGtxtyWUDELPvxCuW2","082273f01c29012fa0cd2bbdc225424d360057c91a904c43a7df888daa6110d9","1","TriggerSmartContract","31","0","SUCCESS","Transfer","xyz","6","","","0","1","","93","892"
"21207809211","-5","1658714172000","42683849","TL4_VW0TCxQ5JJvkTAnSYDcvTOj9kSoa4z","TL5_RvDjd6V7cV7meGdIKI7O6ZcEMogGdK","a67822d8dc182088d009ee6ab827f6bb104607d68f521d7c5136e158d0c34839","1","TriggerSmartContract","31","0","SUCCESS","Transfer","xyz","6","","","0","1","","483","670"
"35972743011","-5","1658714272000","42683850","TL3_SzTnP2oj6C3s3IPmKr6GhrSTxoqBMW","TL4_XwmQehWrkHLszju0R4VQFoqJq8to8t","c63d352f9657c306c5fb1a7522f483c0379be5af081b47498e2cac113fb637d9","1","TriggerSmartContract","31","0","SUCCESS","Transfer","xyz","6","","","0","1","","19","781"
"20199885010","-5","1658714372000","42683851","TL2_DiVcIW3ACfZXJp7lWfUwl42MrSQK7M","TL3_BzwXtvwR2HDoI9lp0SXLZJy66Pk545","0dee2143c5496a70a7a0caa1478e35491587f956556601c0096803c163b9e13e","1","TriggerSmartContract","31","0","SUCCESS","Transfer","xyz","6","","","0","1","","175","895"
"49806662822","-5","1658714472000","42683852","TL1_latjpyDDXmOa54jmpMtGehNZ5g6zjx","TL2_KiQjOWGPigo5c5e6Wm6aJTHt4GaI7t","f4f047aa6d71e538467579aeeaf5aca1fe883d803cd751cc7856dbfc78c5f0fb","1","TriggerSmartContract","31","0","SUCCESS","Transfer","xyz","6","","","0","1","","87","584"
"9491761475","-5","1658714572000","42683853","TL2_XSKacf7btQsHrkxCHMSYue7IVCSiIw","TL3_4TTZRMskZR8mYUkAItGx0pRwsqFwzp","9ee8fe515f8eddb12bb19dd9a7d9a4a50d60b513ba16a5bce98b1a5d3e42c125","1","TriggerSmartContract","31","0","SUCCESS","Transfer","xyz","6","","","0","1","","343","969"
"22262667251","-5","1658714672000","42683854","TL4_uN3W0hFXmfEaybXpjHesbNSi5xJZSp","TL5_YAdrZI5Sy1LMLIQSSUEmMEQeoiz08Y","9e2072b1d4e9754eff663db43f20bee51641e325a78aeca87496b0245dd904fe","1","TriggerSmartContract","31","0","SUCCESS","Transfer","xyz","6","","","0","1","","24","618"
"31626623746","-5","1658714772000","42683855","TL3_PHlKp2OVI7duPLZvJZ2eVC6p3RamTL","TL4_AbKZGsHLjzj7ZoG6g7xWjXxw3eYJFs","f6ce33781b8bf13cf506dd12432297893334ce15eb20831bd59df3ca48870294","1","TriggerSmartContract","31","0","SUCCESS","Transfer","xyz","6","","","0","1","","37","877"
"10830106369","-5","1658714872000","42683856","TL1_rlnBSbJ8cG6quaCf6T1W0gdNfL1FSk","TL2_BDMIpWCWhuISMUbPFZJ1tJ5FjXAMGT","3ca0cb72276cf8e1b5569e181b5420850f47f5d7a46f24f19dae3e0a5feb2544","1","TriggerSmartContract","31","0","SUCCESS","Transfer","xyz","6","","","0","1","","233","653"
"5268308336","-5","1658714972000","42683857","TL3_4TTZRMskZR8mYUkAItGx0pRwsqFwzp","TL4_AbKZGsHLjzj7ZoG6g7xWjXxw3eYJFs","bc99289fed03d397b62c28b4b06e798dc9f7396b8115dab99b55cf8a7ca90950","1","TriggerSmartContract","31","0","SUCCESS","Transfer","xyz","6","","","0","1","","323","774"
"12091067764","-5","1658715072000","42683858","TL3_n5om1HDQO987aiKMH0LSRKULZfFWe9","TL4_VW0TCxQ5JJvkTAnSYDcvTOj9kSoa4z","40c92abba4ead9c695a27f50a4c21a78bebf95f51d04406c5d65b8ecdd6ef1aa","1","TriggerSmartContract","31","0","SUCCESS","Transfer","xyz","6","","","0","1","","78","543"
"5802018150","-5","1658715172000","42683859","TL1_IKFK0VqP6dTrXhtevphRJUTmko95Om","TL2_BDMIpWCWhuISMUbPFZJ1tJ5FjXAMGT","0c26a28b8b647e6a5a5adb9df0a78a5794ef9e93edfb62ca7c66227e6294ed71","1","TriggerSmartContract","31","0","SUCCESS","Transfer","xyz","6","","","0","1","","268","597"
"21727578377","-5","1658715272000","42683860","TL1_EsrtUnJPucMUH59GU0GC2EBp22DbF8","TL2_tKZV11IffE4K64uaTHbNdPZqc8i33m","022ff33d4c1a36046b49de6c6fc5deb3d6a93d75dcdb430e3955ade6df0f5834","1","TriggerSmartContract","31","0","SUCCESS","Transfer","xyz","6","","","0","1","","350","555"
"3242343959","-5","1658715372000","42683861","TL1_6WrFZvSTfPkYlvIFhF6eyZVdxUSG4H","TL2_97KeDMFPhch9GtHwkuuXbIuKxWd8Fb","dd6eb20730a60edb5d42e00fd445f43bc8a6fd5e0d34f312e0f525c9d071cf0d","1","TriggerSmartContract","31","0","SUCCESS","Transfer","xyz","6","","","0","1","","441","975"
"30987227213","-5","1658715472000","42683862","TL0_P7Bo0mPb6BJYOk8JXckQQYUToiZexJ","TL1_sA88V1iQXNZN9Q1W9J1BK3xTnoXSP8","7ad4cfbc02b0730db3ddb701c71ab6256e3d4c485b03bac68fbf457a9789d814","1","TriggerSmartContract","31","0","SUCCESS","Transfer","xyz","6","","","0","1","","392","565"
"29256254375","-5","1658715572000","42683863","TL1_FZmAxOTkGq0M3ZRf9yIxwTOhr09xnb","TL2_Ky7EcI91QSBSXoTJIhCejQEieBOVZ4","5b9b992820b15f280aabf207113cc2971305ebbd76f58115080a147373c55aed","1","TriggerSmartContract","31","0","SUCCESS","Transfer","xyz","6","","","0","1","","447","514"
"37758197629","-5","1658715672000","42683864","TL4_XwmQehWrkHLszju0R4VQFoqJq8to8t","TL5_Hm02PXoLObpPocHp6vjBmJ3lSRVB74","a9e191dc8f6d156a5c36427163f96b377280133294217ddd021ba20f3bcf667d","1","TriggerSmartContract","31","0","SUCCESS","Transfer","xyz","6","","","0","1","","54","565"
"30468558560","-5","1658715772000","42683865","TL1_EsrtUnJPucMUH59GU0GC2EBp22DbF8","TL2_BDMIpWCWhuISMUbPFZJ1tJ5FjXAMGT","2433867cb910076f1fa87449f09dad6be9dfd2d3bff6c3e96f21d16da560bb83","1","TriggerSmartContract","31","0","SUCCESS","Transfer","xyz","6","","","0","1","","463","703"
"47235514822","-5","1658715872000","42683866","TL0_9QhFhNnfvCJIUinPzs5JmaLDyfVRGR","TL1_IKFK0VqP6dTrXhtevphRJUTmko95Om","f6b417cfa8e1973c3c31456c877517957a79117ce5ad61979ad7d554e8c8d58b","1","TriggerSmartContract","31","0","SUCCESS","Transfer","xyz","6","","","0","1","","152","537"
"37339286352","-5","1658715972000","42683867","TL0_m1HG4p1UO1vvToY5G5iAyLzXC5zmlx","TL1_latjpyDDXmOa54jmpMtGehNZ5g6zjx","24587c8ed2e191cde96b4e07d70108cd1c6ea17b1e840e9c11c46fb4f54db589","1","TriggerSmartContract","31","0","SUCCESS","Transfer","xyz","6","","","0","1","","434","887"
"29563238564","-5","1658716072000","42683868","TL4_tipNwop6pMZUXTaM8t9rRaxF1WKz7R","TL5_72U13ZJD9xudm7Rc6Suo0mVLqglpym","619ee9bd1c27dcd6d4cfc31e59c47aa9d13c370d72cba041698815441afcf3a7","1","TriggerSmartContract","31","0","SUCCESS","Transfer","xyz","6","","","0","1","","367","883"
"32834392652","-5","1658716172000","42683869","TL2_KiQjOWGPigo5c5e6Wm6aJTHt4GaI7t","TL3_4TTZRMskZR8mYUkAItGx0pRwsqFwzp","08a72dc73a5283a224c21c49abcba5298a93143bde2a9e02c18118c4fcdb0aab","1","TriggerSmartContract","31","0","SUCCESS","Transfer","xyz","6","","","0","1","","191","532"
"8514347996","-5","1658716272000","42683870","TL3_PHlKp2OVI7duPLZvJZ2eVC6p3RamTL","TL4_XwmQehWrkHLszju0R4VQFoqJq8to8t","0b4fb4b899b6f914068cdb576874ea7783517eb7ffa2e9b0c8f496a4d9e1761e","1","TriggerSmartContract","31","0","SUCCESS","Transfer","xyz","6","","","0","1","","137","707"
"24707736847","-5","1658716372000","42683871","TL4_AbAsVCu8KJI1AYOPk1n35E6YSlyFiW","TL5_0rDI759ND559HhM3TRJtSNyIg1PiHB","a58f8f1af166287bbf9d5bf3d5c30607f9e98b6951e4c6758d66fc99bb2bf946","1","TriggerSmartContract","31","0","SUCCESS","Transfer","xyz","6","","","0","1","","320","735"
"44196042332","-5","1658716472000","42683872","TL1_cAhrd4mck9SZCfEmUr3Y3ZmPLbs4J1","TL2_Ky7EcI91QSBSXoTJIhCejQEieBOVZ4","ece46401dc6439e56b96559429ac153cdd6e9d00bf20d9e2ab78696e85c4bae9","1","TriggerSmartContract","31","0","SUCCESS","Transfer","xyz","6","","","0","1","","26","927"
"48140654641","-5","1658716572000","42683873","TL0_kChf5Gga6bHWT6dQqfLEl707AgDurv","TL1_USrap094dSP0A2fbpBRN979ck4X47Y","30220b7ecab5a1b7822932dbb688d424dd7ce4354a2fdc5bf83b30e2346d2ebc","1","TriggerSmartContract","31","0","SUCCESS","Transfer","xyz","6","","","0","1","","408","563"
"39304816665","-5","1658716672000","42683874","TL2_JrpCVnYdEEm3pLDvBImppMEQWC47Xc","TL3_GyQQ8usssxG3ax3iGWhKwp04TONSac","cbdb8fb1047d339baf23e1e487128dbe0a62ba37e4d9f43e205746992aa38000","1","TriggerSmartContract","31","0","SUCCESS","Transfer","xyz","6","","","0","1","","183","726"
"17557859136","-5","1658716772000","42683875","TL1_x3NfJwA4riffmafYWeuixveABSDwmd","TL2_XSKacf7btQsHrkxCHMSYue7IVCSiIw","b9ace90fa34a5c8f1ff1eca4b175492b411646bb93176a7dc9ef114673d3dba6","1","TriggerSmartContract","31","0","SUCCESS","Transfer","xyz","6","","","0","1","","340","865"
"37877279932","-5","1658716872000","42683876","TL2_ER9WRoc3sQjYEo65y8a7fOmj5QwIDV","TL3_rn5fyj5a3PDPOXVlOqzSUtYLhMlYiZ","5540525f517ca7cad05353c8d0bab18e6164b48b9b3839432ea01bef8f7ac1bd","1","TriggerSmartContract","31","0","SUCCESS","Transfer","xyz","6","","","0","1","","141","664"
"6243176568","-5","1658716972000","42683877","TL0_SFTAEtWzP8jRL2FCESTq50fMxEZg3e","TL1_FZmAxOTkGq0M3ZRf9yIxwTOhr09xnb","fe292c34fa9435c0cde6986a97c36b5b8b7b21b8fd71f285ec7cd5e5ce83960b","1","TriggerSmartContract","31","0","SUCCESS","Transfer","xyz","6","","","0","1","","181","798"
"13564992902","-5","1658717072000","42683878","TL3_n5om1HDQO987aiKMH0LSRKULZfFWe9","TL4_vRLoLJ8UtHnMdfLBRTeRQ8Njpywwsn","6802f8426ced48b2ec819724fa791915fb778d49a5eff88b80526e2808bb7d89","1","TriggerSmartContract","31","0","SUCCESS","Transfer","xyz","6","","","0","1","","311","749"
"23750676233","-5","1658717172000","42683879","TL2_BWsuLrWVniHeaW8LUTouPCjmBWaSDg","TL3_ojraCqvyswEfxVcwEmhoqU1de4eGDo","f70e7fd84d0e43dbc134c3e67138bcf358e08f6d663a2d02e14b4802cc35bcfd","1","TriggerSmartContract","31","0","SUCCESS","Transfer","xyz","6","","","0","1","","467","621"
"13795960462","-5","1658717272000","42683880","TL3_ojraCqvyswEfxVcwEmhoqU1de4eGDo","TL4_gHmECSZgADu6c4XUkYjwcYXXUi6hdE","af17cb18612bf843743db0b037fcdefb75ad6b4a587c5692ec3d40ee8882809f","1","TriggerSmartContract","31","0","SUCCESS","Transfer","xyz","6","","","0","1","","164","987"
"33517225607","-5","1658717372000","42683881","TL1_latjpyDDXmOa54jmpMtGehNZ5g6zjx","TL2_XSKacf7btQsHrkxCHMSYue7IVCSiIw","52891a032cc39d3e0b9730a3b2936cdefbb914227ebd57b52f4c2ebf9ee14be1","1","TriggerSmartContract","31","0","SUCCESS","Transfer","xyz","6","","","0","1","","339","566"
"43482088480","-5","1658717472000","42683882","TL2_Ky7EcI91QSBSXoTJIhCejQEieBOVZ4","TL3_2bvvSH8LdoxIAiNQXunFDMsMU8dvUl","1059cd7d0c3cdcdbc6d8e48f222ec91321e0a8da52f292d5e3a7c43c217a07fc","1","TriggerSmartContract","31","0","SUCCESS","Transfer","xyz","6","","","0","1","","218","772"
"34212897610","-5","1658717572000","42683883","TL3_kK4HWVrkVv7wyzEmRsFgsSeLY1KDYV","TL4_VW0TCxQ5JJvkTAnSYDcvTOj9kSoa4z","c9cf59f47e655dba084b623024b857a3fe7ba313ca5aa7b27bee1990c9ccb9e4","1","TriggerSmartContract","31","0","SUCCESS","Transfer","xyz","6","","","0","1","","88","741"
"4626463608","-5","1658717672000","42683884","TL2_6954LHjM4oYDXJuKKdw5VeTXKjqT6p","TL3_kK4HWVrkVv7wyzEmRsFgsSeLY1KDYV","d354b77af9c6656d0803f09a8095148db7558b81869ae8f0c7a0ede11e73c1da","1","TriggerSmartContract","31","0","SUCCESS","Transfer","xyz","6","","","0","1","","235","503"
"28573524752","-5","1658717772000","42683885","TL3_N4P1hg1wJFIx3qGNEHcblKEx7CjznF","TL4_iLNljSLqHDrvy2OJXZ1aAKh1opzbni","efac82b384d5313adce81c1f3d975fc89c5de11085f3f0de9efa52b2acccfbd8","1","TriggerSmartContract","31","0","SUCCESS","Transfer","xyz","6","","","0","1","","72","607"
"2614078095","-5","1658717872000","42683886","TL4_Mu6wKFxdp7dqlFAE8GkX8Hqv0VMWHT","TL5_UJ2sC8FTzjCugnJhgptTbF0E9lx77s","e041c86c2405a69fea177366ea6bf542f86beb32bb130bec91db3973ef1ac227","1","TriggerSmartContract","31","0","SUCCESS","Transfer","xyz","6","","","0","1","","372","537"
"25634544402","-5","1658717972000","42683887","TL4_AbAsVCu8KJI1AYOPk1n35E6YSlyFiW","TL5_RuTdm7ZGJjsjLaI5Hek98230GeJ33I","df5b70cb2b7e334b64509cf2350fb39aae64f8171cb1efb5aed6bd27aafd4265","1","TriggerSmartContract","31","0","SUCCESS","Transfer","xyz","6","","","0","1","","64","854"
"15773220573","-5","1658718072000","42683888","TL1_rlnBSbJ8cG6quaCf6T1W0gdNfL1FSk","TL2_6954LHjM4oYDXJuKKdw5VeTXKjqT6p","526c54f3d25f7b2ff80728e4d113059a42d735e8b15226b5b65c82534cc6cc18","1","TriggerSmartContract","31","0","SUCCESS","Transfer","xyz","6","","","0","1","","174","885"
"32251013587","-5","1658718172000","42683889","TL4_AbAsVCu8KJI1AYOPk1n35E6YSlyFiW","TL5_EAqXtPd5gWMyYyLJF51AmjRNxU6PzM","c44ea5b7130effd1470a2ad6674fc995d6a116279a4ed14d340d3da9f83450d7","1","TriggerSmartContract","31","0","SUCCESS","Transfer","xyz","6","","","0","1","","277","674"
"42182920533","-5","1658718272000","42683890","TL3_RXQ9RH0C9jgW9mObYejFu3yGD3qHhe","TL4_AbKZGsHLjzj7ZoG6g7xWjXxw3eYJFs","1ca3db382591722778b6042cbc2469740a111e441d79f76b803bff05f8c5dbfe","1","TriggerSmartContract","31","0","SUCCESS","Transfer","xyz","6","","","0","1","","44","905"
"9031096372","-5","1658718372000","42683891","TL3_BzwXtvwR2HDoI9lp0SXLZJy66Pk545","TL4_Mu6wKFxdp7dqlFAE8GkX8Hqv0VMWHT","f914b77b333562d43e2fc807bd327fff9a19808fd3f47120cc3b032d9e205bcb","1","TriggerSmartContract","31","0","SUCCESS","Transfer","xyz","6","","","0","1","","201","740"
"29811148409","-5","1658718472000","42683892","TL3_n5om1HDQO987aiKMH0LSRKULZfFWe9","TL4_iLNljSLqHDrvy2OJXZ1aAKh1opzbni","370fffb27aa1837cc7c983eee8a1a500ce81ee8206474aea13945f05955186dd","1","TriggerSmartContract","31","0","SUCCESS","Transfer","xyz","6","","","0","1","","485","570"
"9787474767","-5","1658718572000","42683893","TL2_JrpCVnYdEEm3pLDvBImppMEQWC47Xc","TL3_WS3EgwewkkkOaNXsP99M3Zba7UcK5T","52fbc1a02cbc6b3db839b60224825ab02b972128bd717b8acf1329d1e0fa6a37","1","TriggerSmartContract","31","0","SUCCESS","Transfer","xyz","6","","","0","1","","497","871"
"41354905890","-5","1658718672000","42683894","TL3_kK4HWVrkVv7wyzEmRsFgsSeLY1KDYV","TL4_gHmECSZgADu6c4XUkYjwcYXXUi6hdE","f978f49bb238ef30e8a5841de93fa7dd9c02f66413fbf6df2c56abfa99674428","1","TriggerSmartContract","31","0","SUCCESS","Transfer","xyz","6","","","0","1","","31","537"
"37850795761","-5","1658718772000","42683895","TL3_2bvvSH8LdoxIAiNQXunFDMsMU8dvUl","TL4_Mu6wKFxdp7dqlFAE8GkX8Hqv0VMWHT","5ad7c5507f2714828cef3daba41adfc53f466c464470410e02548da1ac3fd077","1","TriggerSmartContract","31","0","SUCCESS","Transfer","xyz","6","","","0","1","","253","982"
"28447428535","-5","1658718872000","42683896","TL0_yG9OXG4LxA2Euv6Nzu7VKu6dnFxb6W","TL1_HCaeQkJOxQoCyhNFRdkhHLxbZGbnfl","1e1bfe77814f96448e69cbbf5ae8c7a0e46a8d3374a9a816b5866ca840f5ca88","1","TriggerSmartContract","31","0","SUCCESS","Transfer","xyz","6","","","0","1","","453","578"
"6900439677","-5","1658718972000","42683897","TL4_KBFzsI5RRQWJZDZnP5zvcw9dzSbkNy","TL5_RvDjd6V7cV7meGdIKI7O6ZcEMogGdK","b030e08bfba5f7f85d17f8774f4b17791df15da0a8644106768a48d1bac6a177","1","TriggerSmartContract","31","0","SUCCESS","Transfer","xyz","6","","","0","1","","41","773"
"30986308363","-5","1658719072000","42683898","TL1_xMH0GYoyXNLNLRhlLtwSUtl9x8PHUh","TL2_gViXSgEX773nnQ3pYXlcBwJ4Xr27FJ","eb0e8bd3c259e2a25753306dd829c8f4ace772a234e9af535eb2fd804615386a","1","TriggerSmartContract","31","0","SUCCESS","Transfer","xyz","6","","","0","1","","73","662"
"8306477469","-5","1658719172000","42683899","TL2_gViXSgEX773nnQ3pYXlcBwJ4Xr27FJ","TL3_ojraCqvyswEfxVcwEmhoqU1de4eGDo","3e939088d024855ac372b768fecbe34bdc8cdc48c79e52b2a663a613a0f2b4bf","1","TriggerSmartContract","31","0","SUCCESS","Transfer","xyz","6","","","0","1","","134","717"
"19702560207","-5","1658719272000","42683900","TL4_fLtlECp1Zh2GVrMHEM2l6br6wSSGHq","TL5_72U13ZJD9xudm7Rc6Suo0mVLqglpym","c3e71aa8ac272b69fc6588cd6b561f99fff871d41a03bf8b7f39c25ed3d48b18","1","TriggerSmartContract","31","0","SUCCESS","Transfer","xyz","6","","","0","1","","461","692"
"48189165281","-5","1658719372000","42683901","TL0_P7Bo0mPb6BJYOk8JXckQQYUToiZexJ","TL1_5FuqPHn4fJVcIzFEZNvDvRfZ3Tl9iD","159e05dac9c863f9b19479e9c7f75a518380565453f8ca2bdca971a5a112670d","1","TriggerSmartContract","31","0","SUCCESS","Transfer","xyz","6","","","0","1","","354","735"
"24491524163","-5","1658719472000","42683902","TL1_6WrFZvSTfPkYlvIFhF6eyZVdxUSG4H","TL2_BDMIpWCWhuISMUbPFZJ1tJ5FjXAMGT","c3c17cac785d7a87f8976d48c86abc31787817a965bf7fcfb26968c9724e49d5","1","TriggerSmartContract","31","0","SUCCESS","Transfer","xyz","6","","","0","1","","464","648"
"1402732507","-5","1658719572000","42683903","TL1_179hEwOYz45YPSoXjjHlSzxZ17tsih","TL2_JrpCVnYdEEm3pLDvBImppMEQWC47Xc","658853576348da4013a6c8b5415cc193000c89554450af546a995b76d474a9c2","1","TriggerSmartContract","31","0","SUCCESS","Transfer","xyz","6","","","0","1","","219","849"
"5421000000","-5","1658623572000","42682943","TL0_Node7_x92Jk","TL1_Node15_p2Lq","dbfe8845b26ee2f233a23e75497cd66acbcd43e71628768b83d122227e1cd2b2","1","TriggerSmartContract","31","0","SUCCESS","Transfer","xyz","6","","","0","1","","7","115"
"1205000000","-5","1658623672000","42682944","TL1_Node15_p2Lq","TL2_Node2_mN81","fc679e26ab832853f3da38dd5fe73df93e4f7d71f740e997433aec879d020339","1","TriggerSmartContract","31","0","SUCCESS","Transfer","xyz","6","","","0","1","","115","202"
"450000000","-5","1658623872000","42682946","TL3_Node19_zX99","TL4_Node5_wQ11","56b1b5c0483c3e05d3bd417276440d91521f27b4715e37877bfdf2fb9c61467e","1","TriggerSmartContract","31","0","SUCCESS","Transfer","xyz","6","","","0","1","","319","405"
"33200000000","-5","1658623972000","42682947","TL0_Node3_vR4k","TL1_Node1_aB2c","6925f67710f53280872d09331b5fd64363cf75af99efd365dd12d5facbaa5450","1","TriggerSmartContract","31","0","SUCCESS","Transfer","xyz","6","","","0","1","","3","101"
"15600000000","-5","1658624072000","42682948","TL1_Node1_aB2c","TL2_Node18_hY77","7ae1340f87078b28e23657c802f4f8816126998527ec0c434d8882f118f870d9","1","TriggerSmartContract","31","0","SUCCESS","Transfer","xyz","6","","","0","1","","101","218"
"7800000000","-5","1658624172000","42682949","TL2_Node18_hY77","TL3_Node4_kL00","ff82140f87078b28e23657c802f4f8816126998527ec0c434d8882f118f870a1","1","TriggerSmartContract","31","0","SUCCESS","Transfer","xyz","6","","","0","1","","218","304"
"2100000000","-5","1658624272000","42682950","TL3_Node4_kL00","TL4_Node12_mP55","aa11340f87078b28e23657c802f4f8816126998527ec0c434d8882f118f870b2","1","TriggerSmartContract","31","0","SUCCESS","Transfer","xyz","6","","","0","1","","304","412"
"9850000000","-5","1658624372000","42682951","TL0_Node19_jK3l","TL1_Node4_fG9s","cc44340f87078b28e23657c802f4f8816126998527ec0c434d8882f118f870c3","1","TriggerSmartContract","31","0","SUCCESS","Transfer","xyz","6","","","0","1","","19","104"
"4300000000","-5","1658624472000","42682952","TL1_Node4_fG9s","TL2_Node4_fG9s","dd55340f87078b28e23657c802f4f8816126998527ec0c434d8882f118f870d4","1","TriggerSmartContract","31","0","SUCCESS","Transfer","xyz","6","","","0","1","","104","204"
"1200000000","-5","1658624572000","42682953","TL2_Node4_fG9s","TL3_Node11_rT22","ee66340f87078b28e23657c802f4f8816126998527ec0c434d8882f118f870e5","1","TriggerSmartContract","31","0","SUCCESS","Transfer","xyz","6","","","0","1","","204","311"
"600000000","-5","1658624672000","42682954","TL3_Node11_rT22","TL4_Node1_vB33","ff77340f87078b28e23657c802f4f8816126998527ec0c434d8882f118f870f6","1","TriggerSmartContract","31","0","SUCCESS","Transfer","xyz","6","","","0","1","","311","401"
"38921024547","-5","1658719672000","42683904","TL2_JrpCVnYdEEm3pLDvBImppMEQWC47Xc","TL3_2bvvSH8LdoxIAiNQXunFDMsMU8dvUl","b5c4fa6a04e594bbf2b499caf088d67cbef2ae915824c66723220ede6f62b1da","1","TriggerSmartContract","31","0","SUCCESS","Transfer","xyz","6","","","0","1","","25","685"
"890000000","-5","1658623772000","42682945","TL2_Node2_mN81","TL3_Node19_zX99","2502668e545e837957d3ff1314298f307a781182e9369c9fb3a228a88ed73afc","1","TriggerSmartContract","31","0","SUCCESS","Transfer","xyz","6","","","0","1","","202","319"
"24341569993","-5","1658719772000","42683905","TL1_rlnBSbJ8cG6quaCf6T1W0gdNfL1FSk","TL2_53eA6WSKWbtFEitI7YYf8DUPlKClMn","ecfde248228a45e461bbee084b0bc22860be4aaed6fcd6ea61799d82055c7d03","1","TriggerSmartContract","31","0","SUCCESS","Transfer","xyz","6","","","0","1","","442","879"
"10869743033","-5","1658719872000","42683906","TL2_XSKacf7btQsHrkxCHMSYue7IVCSiIw","TL3_n5om1HDQO987aiKMH0LSRKULZfFWe9","6f3b7a989df3fa32da7bee98f363935dc08c7927a69eef6a6f318547b9a501eb","1","TriggerSmartContract","31","0","SUCCESS","Transfer","xyz","6","","","0","1","","77","773"
"32128977863","-5","1658719972000","42683907","TL4_iLNljSLqHDrvy2OJXZ1aAKh1opzbni","TL5_Hm02PXoLObpPocHp6vjBmJ3lSRVB74","02800dd21cd390317d55abc6770e64c153c02c8c6ee709f9e39c5b30a97663b2","1","TriggerSmartContract","31","0","SUCCESS","Transfer","xyz","6","","","0","1","","312","943"
"42064805931","-5","1658720072000","42683908","TL0_iMF3oRaX5T6BX0f06IgJ5JpdQfkDxf","TL1_cAhrd4mck9SZCfEmUr3Y3ZmPLbs4J1","4de02f8e3299e202795386b010ea3cc2194b651a674d1cb0ef3980be11a6c8b5","1","TriggerSmartContract","31","0","SUCCESS","Transfer","xyz","6","","","0","1","","271","914"
"2561988311","-5","1658720172000","42683909","TL4_vRLoLJ8UtHnMdfLBRTeRQ8Njpywwsn","TL5_UJ2sC8FTzjCugnJhgptTbF0E9lx77s","5c88413811e4f0a855595cf4af785693ae20e445ef0b14a698f417091ab4a135","1","TriggerSmartContract","31","0","SUCCESS","Transfer","xyz","6","","","0","1","","333","901"
"40631823670","-5","1658720272000","42683910","TL2_DiVcIW3ACfZXJp7lWfUwl42MrSQK7M","TL3_l3b2LqtcekDHFGtxtyWUDELPvxCuW2","d106c8617db65a4a507dc1677f29d732e8adbcb79d840d0a4aa314514952601d","1","TriggerSmartContract","31","0","SUCCESS","Transfer","xyz","6","","","0","1","","37","560"
"36991247756","-5","1658720372000","42683911","TL3_BzwXtvwR2HDoI9lp0SXLZJy66Pk545","TL4_l5qADKVYMXHlIPHgLpxnNi0WCrqUle","6ecba10230f51b0236e63257acfe821296d6250f1485a05013d54473d3ad67c1","1","TriggerSmartContract","31","0","SUCCESS","Transfer","xyz","6","","","0","1","","438","678"
"28428338219","-5","1658720472000","42683912","TL3_ojraCqvyswEfxVcwEmhoqU1de4eGDo","TL4_vRLoLJ8UtHnMdfLBRTeRQ8Njpywwsn","d5aeee0dfd44a4ac2804bab70ac8a4aff3cfc6c9dff58d863182d7960f69888b","1","TriggerSmartContract","31","0","SUCCESS","Transfer","xyz","6","","","0","1","","311","991"
"22140605874","-5","1658720572000","42683913","TL3_n5om1HDQO987aiKMH0LSRKULZfFWe9","TL4_iLNljSLqHDrvy2OJXZ1aAKh1opzbni","f9c13e952a8550663acab448c989c32680adeca487e6a1ed8849dfb7b30e887d","1","TriggerSmartContract","31","0","SUCCESS","Transfer","xyz","6","","","0","1","","140","512"
"10725222132","-5","1658720672000","42683914","TL1_179hEwOYz45YPSoXjjHlSzxZ17tsih","TL2_BWsuLrWVniHeaW8LUTouPCjmBWaSDg","678c6500d67c4db70b407eedc5bb185cf073192eb7147978eaac63bf8432f220","1","TriggerSmartContract","31","0","SUCCESS","Transfer","xyz","6","","","0","1","","124","792"
"40505646437","-5","1658720772000","42683915","TL3_n5om1HDQO987aiKMH0LSRKULZfFWe9","TL4_3UeDLBRPnDqKI6DQ1yu7yNA1MTACdh","eec187ab8f3df9090b3db9e0f937a7cc4ac720a9d56823bbef8b0ef79d352c44","1","TriggerSmartContract","31","0","SUCCESS","Transfer","xyz","6","","","0","1","","376","536"
"4994686583","-5","1658720872000","42683916","TL2_Ky7EcI91QSBSXoTJIhCejQEieBOVZ4","TL3_ojraCqvyswEfxVcwEmhoqU1de4eGDo","e004e18819f9fcff70cf71ead1d0d63db62b36d985262c2c0749fb64f6db1bff","1","TriggerSmartContract","31","0","SUCCESS","Transfer","xyz","6","","","0","1","","392","708"
"38249135423","-5","1658720972000","42683917","TL3_vOzxmxLWFqbCrASvyroNY8ihaRFA1y","TL4_CnUx2xZlk28Eo4TvJykVjvzKrfgVmO","9b8d138b348db6bcec8788c797b9f0b38b7d5a97c4c8720e939ce042c3de54eb","1","TriggerSmartContract","31","0","SUCCESS","Transfer","xyz","6","","","0","1","","456","743"
"20171126595","-5","1658721072000","42683918","TL3_xhpf4FokZfCokzanP1ozDGWJTAkl6o","TL4_fLtlECp1Zh2GVrMHEM2l6br6wSSGHq","d05004f3b1b9bb3b63cf6122411fcf68064e215d61dbba41d805b0a2454d9d6a","1","TriggerSmartContract","31","0","SUCCESS","Transfer","xyz","6","","","0","1","","464","703"
"35534736539","-5","1658721172000","42683919","TL2_tKZV11IffE4K64uaTHbNdPZqc8i33m","TL3_RXQ9RH0C9jgW9mObYejFu3yGD3qHhe","d5d88c1fcbdb2e1a15ebafb0d5645147dcbdbcb5b579896db8a940a46fbd25ec","1","TriggerSmartContract","31","0","SUCCESS","Transfer","xyz","6","","","0","1","","111","874"
"6517393239","-5","1658721272000","42683920","TL1_zrAJlSW3BxWbhzUQBvbE1HVUHxiOYm","TL2_ApeXZAQBP8SpUzUtIejSZTlRD5ZI6F","c3a5dd2cc752d03ea70ad4b6450f16ce2d609356bc82d3cf2b8afdae713ed571","1","TriggerSmartContract","31","0","SUCCESS","Transfer","xyz","6","","","0","1","","408","671"
"45029025204","-5","1658721372000","42683921","TL3_n5om1HDQO987aiKMH0LSRKULZfFWe9","TL4_l5qADKVYMXHlIPHgLpxnNi0WCrqUle","8f448bd6764e829da64b8be43ca4279878f3162dc0ce438de360f5d7381bf188","1","TriggerSmartContract","31","0","SUCCESS","Transfer","xyz","6","","","0","1","","362","556"
"49125963210","-5","1658721472000","42683922","TL3_N4P1hg1wJFIx3qGNEHcblKEx7CjznF","TL4_XwmQehWrkHLszju0R4VQFoqJq8to8t","3bea8214c3325800a6595ac98353bbcc2bd616f38d414ef60037209c01ed70c9","1","TriggerSmartContract","31","0","SUCCESS","Transfer","xyz","6","","","0","1","","140","694"
"32557535824","-5","1658721572000","42683923","TL0_rnp87INqOT9hESBPknZ8xm0pZOvOPX","TL1_6WrFZvSTfPkYlvIFhF6eyZVdxUSG4H","cebe753951fc8034685834abf6895ae5e525c33c8b89ffe999cda6511eea7982","1","TriggerSmartContract","31","0","SUCCESS","Transfer","xyz","6","","","0","1","","364","632"
"16261276230","-5","1658721672000","42683924","TL3_WS3EgwewkkkOaNXsP99M3Zba7UcK5T","TL4_WIt2I7mJrXpuhXvbC6vL27aLq7Q4KE","5c04b91e88b5cd551529b1958e145126cd9a0f65024bad1ce3ae5b10de434061","1","TriggerSmartContract","31","0","SUCCESS","Transfer","xyz","6","","","0","1","","384","860"
"40532165907","-5","1658721772000","42683925","TL2_JrpCVnYdEEm3pLDvBImppMEQWC47Xc","TL3_n5om1HDQO987aiKMH0LSRKULZfFWe9","33df8240afd032b9630ab5ca71c0093a45f189ce4dd1dff75deb3d048afb4d34","1","TriggerSmartContract","31","0","SUCCESS","Transfer","xyz","6","","","0","1","","237","673"
"35889386827","-5","1658721872000","42683926","TL3_l3b2LqtcekDHFGtxtyWUDELPvxCuW2","TL4_l5qADKVYMXHlIPHgLpxnNi0WCrqUle","9b574da953b95f9e5dd781c8201352346140c2a36ca552b6b8be9930373379de","1","TriggerSmartContract","31","0","SUCCESS","Transfer","xyz","6","","","0","1","","146","967"
"10379192281","-5","1658721972000","42683927","TL2_6954LHjM4oYDXJuKKdw5VeTXKjqT6p","TL3_WS3EgwewkkkOaNXsP99M3Zba7UcK5T","49f5ba842431d0fd593e823d0b7a2c41fb4dc12cb5eb58d779a2a47ecf5caeaf","1","TriggerSmartContract","31","0","SUCCESS","Transfer","xyz","6","","","0","1","","428","577"
"11675350626","-5","1658722072000","42683928","TL3_l3b2LqtcekDHFGtxtyWUDELPvxCuW2","TL4_XcHUYt5TEH6ZuUneVzWQXHg5jmPuvp","e76da45529f724b88378d6b81415c41dfddac20434a4566cfa7b1cb75527b842","1","TriggerSmartContract","31","0","SUCCESS","Transfer","xyz","6","","","0","1","","41","982"
"48158079239","-5","1658722172000","42683929","TL4_XwmQehWrkHLszju0R4VQFoqJq8to8t","TL5_VkLmQloXv4tKeS5FR2t2XEXijLonXG","2ba635a5c360776ae9741701270a6f5419526304a5b1eeead0ea65cdb75ead27","1","TriggerSmartContract","31","0","SUCCESS","Transfer","xyz","6","","","0","1","","499","954"
"10056452773","-5","1658722272000","42683930","TL2_97KeDMFPhch9GtHwkuuXbIuKxWd8Fb","TL3_AcZ19Ox3Omq0t5JGwbJkHXryrvFBCJ","10b3b160cfa910fa227b708d78da0cfd560f54b1c9dedc8d60fd1c3317ef60f3","1","TriggerSmartContract","31","0","SUCCESS","Transfer","xyz","6","","","0","1","","241","857"
"26307434131","-5","1658722372000","42683931","TL2_Bv09ezcTdU6daGBiMXPD53dmS1Jh66","TL3_nW40NdboHbBmNL2ffVgjSeAcozeOY5","8b4c3c114d40232608f84a9c09296b60ed8de5f0e66b8b65685e737db7956874","1","TriggerSmartContract","31","0","SUCCESS","Transfer","xyz","6","","","0","1","","95","578"
"8414376096","-5","1658722472000","42683932","TL2_GvJSCMjlXgOkTBjoxC5qVT5RpR6ckl","TL3_AcZ19Ox3Omq0t5JGwbJkHXryrvFBCJ","f431d285923b9b9bd5d8b10e40ff492cf72fa53037b9a906fa0bff8efbb9751c","1","TriggerSmartContract","31","0","SUCCESS","Transfer","xyz","6","","","0","1","","400","913"
"21477951299","-5","1658722572000","42683933","TL1_179hEwOYz45YPSoXjjHlSzxZ17tsih","TL2_tiUzYXVBKjVqEcCnLvKoKMZbsQWj7R","1e18c5de6130f1ecdb91f4fb48375910c445f37391b31fc383dba600d15a924c","1","TriggerSmartContract","31","0","SUCCESS","Transfer","xyz","6","","","0","1","","477","570"
"29830477215","-5","1658722672000","42683934","TL2_plRFT77Ak9CZ13W0MEZKXV30XhwKAi","TL3_ojraCqvyswEfxVcwEmhoqU1de4eGDo","9cffc1b94f102da37596b1d5341deb912c922bae62a29add6a11a4ce9e3aa273","1","TriggerSmartContract","31","0","SUCCESS","Transfer","xyz","6","","","0","1","","143","731"
"48104709785","-5","1658722772000","42683935","TL1_6WrFZvSTfPkYlvIFhF6eyZVdxUSG4H","TL2_WX5eVqRKEd4D8qJcHyRH0xTZ1IeGtd","0bdb6c8c46f7ee25b4d78d6a782eb7ac4f7ee9f8531daa52d820f6a7052500a0","1","TriggerSmartContract","31","0","SUCCESS","Transfer","xyz","6","","","0","1","","207","569"
"12667028163","-5","1658722872000","42683936","TL2_tKZV11IffE4K64uaTHbNdPZqc8i33m","TL3_ojraCqvyswEfxVcwEmhoqU1de4eGDo","057d8d65de820703ca184bb2b9798ecb0b18ac61c00f946a1e6b16829c10a53d","1","TriggerSmartContract","31","0","SUCCESS","Transfer","xyz","6","","","0","1","","463","803"
"23414657059","-5","1658722972000","42683937","TL4_KBFzsI5RRQWJZDZnP5zvcw9dzSbkNy","TL5_9zKXbgWQKbnK3yiKla0DWkHesBKNiU","df64d39323fb9a976a2d1d19da777059eabe3dbad642c816fc74604d321b4997","1","TriggerSmartContract","31","0","SUCCESS","Transfer","xyz","6","","","0","1","","298","548"
"1300151598","-5","1658723072000","42683938","TL2_JrpCVnYdEEm3pLDvBImppMEQWC47Xc","TL3_2bvvSH8LdoxIAiNQXunFDMsMU8dvUl","a580a10ec2c195e294287589ad0a15979076f17c4b1dfcdb7bf93e54b8880e06","1","TriggerSmartContract","31","0","SUCCESS","Transfer","xyz","6","","","0","1","","314","723"
"7059223604","-5","1658723172000","42683939","TL1_HCaeQkJOxQoCyhNFRdkhHLxbZGbnfl","TL2_Ky7EcI91QSBSXoTJIhCejQEieBOVZ4","b693cc95796b76dd36bfe2798988d147d8ce0e1befe28a6c1d6026cba69b65d6","1","TriggerSmartContract","31","0","SUCCESS","Transfer","xyz","6","","","0","1","","196","694"
"40311918032","-5","1658723272000","42683940","TL1_HCaeQkJOxQoCyhNFRdkhHLxbZGbnfl","TL2_6954LHjM4oYDXJuKKdw5VeTXKjqT6p","7c18cce81c05f2fb04b79ceec9370455ad5ee77b6b97e0a6400c4cae33f1b200","1","TriggerSmartContract","31","0","SUCCESS","Transfer","xyz","6","","","0","1","","399","591"
"7499012198","-5","1658723372000","42683941","TL4_tipNwop6pMZUXTaM8t9rRaxF1WKz7R","TL5_j6uZTzEKajmJGRj7WIjOvoGronOfd5","6fb60008442f4691911869ff6972333f653e21aab18f7629ecbcc32f6eaabe78","1","TriggerSmartContract","31","0","SUCCESS","Transfer","xyz","6","","","0","1","","404","701"
"40111597750","-5","1658723472000","42683942","TL1_cAhrd4mck9SZCfEmUr3Y3ZmPLbs4J1","TL2_KiQjOWGPigo5c5e6Wm6aJTHt4GaI7t","7f187ef337b90f53761205e32e7da8911c0b3129fad32a4feee729690b509ef8","1","TriggerSmartContract","31","0","SUCCESS","Transfer","xyz","6","","","0","1","","370","929"
